owner_of,count
0xbb6712A513C2d7F3E17A40d095a773c5d98574B2,300
0xcbF6b201360E942DFB40b249a7D76157ea83f5Dd,200
0xb3eA75bB13AC7d89956c05a4c26D2A2CAF82E3aE,200
0x95D41776812C6CA222dd5fdea56c065B55FF7655,156
0xfeE5B1baaC86e15815ccD6AC891fE8ba1b90B7Fd,145
0xAD569083DEE565d4Ddb648F32FA392d6d42864c6,135
0x78235d7B68D7650bEDfCc1b051a178fE3eF67115,118
0x2E6b28fDa29e5328acd9cAdaf6B5900DAF5cb576,101
0xB0D0b6dA40e1B3aBCa12a38F5bD95793De935635,94
0xa8095B86474d53dca0e0BCB1452a4da73090a205,93
0xa83974bE125D3fE4bED3F530798Ef3f87Ec21748,87
0x1A9A0B97CE419891f67468F81C91BC82497956E8,86
0xC46bfD225AD359f78C7fE84D50619977c6B7f318,84
0x08D2a85aEd9F1c17b22bDaFBc3Fdf6B5F1DABce7,83
0x035AcBf50b8E269461B7ad46B1e86caD6db01016,80
0x97D2767Db42135E1E2a5Fd7dd3e11646EF4d2b28,78
0x34606E4d14bfdA85C5f8314931C833755fb964DF,78
0x7E41E492351e46ce82dfD0d373E6e519a02F9a69,70
0xcC7AC869585106fB03911070A1EeB816f13d48D1,64
0x1e957a10796552CbD7d5C31439a5e8345dB569A4,64
0x6D361440Dd4746387EfF1Ae65DdBFE891059e0Ce,62
0x503D66eA74445aF5E9ADa4005f3826591F10B98E,61
0x29e6F65dC1594DB318a727CcAf111736c9bBCe77,60
0x4f1d5180c785969c64e41a5902C5616bA0285082,56
0xaE996BF0a9D122ce1DdDEfe7732920b6c1539C29,53
0x77384d1a96D72ff0Ee887534011296d8037003ad,51
0xD1B14cfEf798103b85b53aAf1a46B9a8a272f385,48
0x28521A5B7E439D3b0b8e13c5ca66DE26Cf6E756c,46
0x28a3182325A294b2f9eb021e70a5F11E9437c4c5,45
0x0E124A7c9b378d7276590b6b8b676a75ff923a03,45
0xC24D5B145C21f570A38CbB95CFD8EbB923182732,41
0x016AB691721a99DA1c1489Ca0AC8b549eB0f7713,40
0x17e7F34a783012F212976B42B5648dABB479F8E1,37
0x969a9d4af63D05E56b2967905493Ca602a9e08Cf,36
0xf2C653837e495cBf8B7cC9229d6A68a2477bfaa8,35
0x34dbcfE2a1393De14B1d5C5acBA99178c2bbfAE5,34
0xeCf14386BF1F271AEcb5407e777D41e8a16933b7,33
0x2332432309fc5496a2602e0D848D207A8D93Ed50,33
0xEe7e3D56aEA1e61c3539473DEb02073440173Ea6,33
0xF69B16aa5fdfA2142608932083830C4c49Aa4dE8,31
0xD39AA8158E6d493F0d76Ed37BB4b9185Fcc2FB05,31
0xC2AA6Dbf0a8D8193D6bC0e5F33f81ddf5aA5A082,30
0xCa0e5eF9147Fa2E3a9f37a8E8180Eef156dfbFd9,29
0xEd1C710ad28e9aCA013178A4e8d43a580B4B0Dbf,28
0x6c459efC19c53F9dA79438BF788F6496Bdfc0868,28
0x3bdA56Ef07BF6F996F8E3deFDddE6C8109B7e7Be,28
0x45F037560374A81c1EFA077674406e2Ac5175FA1,28
0xcb89977daCD1643b3e6184ad82E64B63277711b0,27
0x932a824A4d3d0680e0b352De150e6f212B8aC841,27
0x3F990C647664a1e502fc36F8dCaa8C650e7D771a,26
0x8e8665bE566a0953bBEdACA5D6261F2F33113Ff1,26
0x5cfD4E2C982A66B32120E43B016F29c21CBe9b7b,26
0xfd74Ca8C8D8ad2F69C21e1682D6E145EfeF1FA09,25
0xb2B6B71d3200BD3558A59D7cC29E36c3446187aE,25
0x6F885dFAb6520bd9bdC28A5a527e40DAA625a770,25
0x7bCBa9296Df0a11Afac47881E9c08B40371Ba008,25
0xF0f2bb10F0E706128B270beCdfD42663AAc74154,24
0x0094c9CdA2e6D4e52cf068F625e27C06D274F631,24
0xe63Ba03F3399ccDbC346977482920c7F782649B9,24
0x62dAD688Ca940162Eb7996c0c5badb7245FcE92F,22
0xE522304039b02dd2974a5f54fa21B1E29aE7Db16,22
0x22BA1e3ef17609151fB322CFcA979fe0D85248f7,22
0xB7707b8e88241E77064725099113896bEd5c3Ed0,21
0x20998E06cF13898AeB5c28Ec1D972B74cb02De9E,21
0x6a4794a7cd3dbc7bDdF2a915339B1Ed034cA1285,21
0xcBcf161F0B53E534a77989d83A89CBC9d66Fd1b9,21
0xF7D0c52F291cAdE662d493d3Ed7b0aB73528cb51,21
0x93ca1574f8c8A5939766dA7c218539fe46368F43,21
0x2964d617fd62994a65102c82dDE82ae46D7503FF,20
0xF6f4B3d80884DCf2E602820622cafC1Bcc1F9AFE,20
0x83E7322328d902940c490634396860d875E448C2,18
0xE526F0DD4182A3Abd95e343A68Ca7cD4c7De910E,18
0xB6c947D8600b1eD8Bac01DB896E8F6F7A9C152C2,18
0x44eab1f27ac3E3B08D0B0203f713E8668fE8fd28,18
0x63BBEE1F3a5077f1AA37379c7F48C44Ff5fCd7B1,18
0x0f3E9710cFf6E2b927aB8Cbf79645A8286219EC1,17
0x1b341Ae8c0b0435559089041f5836Cafd577f3A4,17
0xeE3AB20B766eaE862476Bb318ba71E4a4f91898c,17
0x51fE29Bd98286b4ACA36BC5BCfC9f11EF4E24A8E,17
0xBB4C67cd15F52F12E8E12872a9Af794f1E77C544,16
0x715f280d07b7d98B00F7EEF9e4cA62E9C5dFF999,16
0x1C6f1A832e73949c97FE335a98B6A5Fc3c9C29E9,16
0x46130a909d027bf5DAD826e37e826b65D73417Ac,16
0xe836771A8BE408C301095Ec9aD83E55840A6A216,15
0xB642d3b6E7511AD71A882C41a5F9c9dcf21f2765,15
0x0F485d1768A42096372071501FbE779923fb54cA,15
0xBdeF74dbb6776B55259440adb41ce5603BB42e76,14
0x687C530278e6C4a9d4Ad9A908433141E3e51B666,14
0x3abf901f3E0bD6B87a48B7ef9171D474364F1716,14
0xD54d23200E2bf7cB7A7d6792a55DA1377A697799,14
0x0a7a29432241895997ce9ba9E450d68d971f77F9,14
0x53159fD1727808A4523A5fD914c1F095B33a2B4f,13
0x690892db2FA439A703115D36E4205088E0C55D1a,13
0x9Fa7b816181e907b58cc260FA7F1A89758DF29Ab,13
0xE15d0643779F442A7610125990CD550B014035a1,13
0x5d24c06C817CFc59A842644188738Effdf7BabCc,13
0x613A0ac4968F042b773880b0173bBbBba2fec6D9,13
0x6b6cA48DA27304eeEb1D15d355D948f68b852733,13
0x9a659894e5D115846767dB0e1685744c452E7a6e,13
0xc9B7A281E601Baf49D6bb8Ba390868539eac2C7c,13
0x97bac212815DfF849820e34b6F9a58e4C40909De,13
0xA96Edca564A891D7A000359Da43195b5c7229F89,13
0x65504838463B09BbdC8be4561A05Ee611f6077D8,12
0xeeB66bc85aBc68Af8A06A70A5B544D7b285321d0,12
0xBD95231dB568154beBf47A3b60937DA2180F768C,12
0xf70BD5596F83110208db05b413Ff8ED907CF778F,12
0xa89C876BE69223295A0925D7A62Cb6868dEc4ac8,12
0x8D4583655cC7A5B36EE3abe3747176b42b698ec4,12
0xF703DfE714ce2F071f48B72a6fcF066a2B721a00,12
0x58E2B4d76F66F2e71D1Db865c4F4C8e9ADCC13C0,12
0xCa695144Ed80D2E5F10C8938c08dfFbf2516a170,12
0x4a908bb6D261c80AE9CA15F7B8d74c401287ea19,12
0x99bE1E62A68533b7dD86048A8073d307e1a2A470,12
0x6775CD8cE2a6eDc337A20F844a41258f26368dd3,11
0x4dB31a5351bab07EB8fE0Ecee189F4bFaa7B34E0,11
0x712933F288d1EFD8321043AC015ceF5635F67F92,11
0x184bc73E643b40ab14739Dd068CA5617DfAC3D9D,11
0xE78AB91f0e7FD82d35e5e250Da2924363F205233,11
0xF895E96B6DAD0086cb2726E9732641d834816a59,11
0x5fBc25c48806FaBfd974418c6Cb14F5992b4cFf0,11
0xD6b954F59F0Ebb252Edc7796c64BA167A1E2efAB,11
0xFf0db36BdF740ce4190892E0D930bc411420ef44,11
0x1b4862F983AA573518B612f1bb1579F4b02796CB,11
0xF39fBf3BD9F7BFDA4FD5Cb30DF587C9F6d6abbBE,10
0x243706e13823949dca2283Ce5607F618d9D17c31,10
0x53Ae2B3505B8eA5469Cca95f8c38906BB7122667,10
0xef54a382cd59c2aB47b95f4B2d2b57176A2825fC,10
0x7395d5ce2E2247ECF73E39f277177747ECaE2704,10
0x610Aec3851d7688C4C8AEF3a6173F667E8beeF73,10
0xA62C03c25753cAcEeEC223fDBce5235342B903Fb,10
0xad050BF165033DD1b86D23a75504e079B2053F2C,10
0x081E2782B441ffc3c3629b92fD760dBF77413212,10
0x4864EE998892F3a1e26aC06AeB07d685829fe82b,10
0xc044282f35f0aaed53C530ee226698ae9CC0AB51,10
0xDC95b3863e95D0B2D5203005488476667c322906,10
0x4deeCb10cdcb51629F371365c351ca1AbCCd1dD3,10
0xd606424168D1F6da0E51F7E27d719208dD75fe47,10
0xBBa54a347235AD31E849B9F793A6DA1c05BcebfB,10
0x6E462F3BA8f3b9C8578A4719b7AeA8173Ffd2C26,10
0x251C512C5e8bee1528D7A307E11e9cE70244544b,10
0x84B33d18ab2a660da78B19779A124D740Fd6ABE6,10
0xE6e03195EA5163F8C9B8D4de5926c89d005048B0,10
0x39eE07688c5A09B30FaF7823867fb82D4b3D1365,10
0x52e14E8dFC87e8875CE5E9A94019f497b82b3e01,10
0x0354DbA16a24ce38290b1fc37b317f7FFF5D2E87,10
0xf5D856113910e77fB02a07d15236907c6Ee7395C,10
0x69B12e763bCc16FE07bc931E27550d0758955bB0,10
0x4EB58E3439EDcdD6596261b01B1D42e6Bd05d2FE,9
0x43c0FF3B62f290b7D343Cd83a2c7A0fEbC63dB75,9
0xCF9aCc451B7c3E670559da3606612BE8517f431f,9
0x4A62aA96BA09922C0180A47F1f40832397D7b8f7,9
0xb4A218e427F88Db6e4deb88450A859f4F6566ce0,9
0x93BBcF3310771090e88F19057C940524BB43bBba,9
0xeF291Dd546fF6ab5adf37844E08FaCA40b6A6e56,9
0x368993CCaAC83C863A42569420682Df14d8fec4A,9
0x94f4869faDBcFDe08A8Be5c6CA22BA710543012C,9
0x2771e3d74dDfc61699B773c7D845b57eADCcC5fa,9
0xCF7299283370461F8629115737c4BEd1078fEFdf,9
0xd1282134a3481Cb548504073ea31E602228f15b1,9
0x11AB8022B24951A90befa2885130eF2361DD61e5,9
0x9f933145D72cf000884B84B76d0C0c18F9787861,9
0x0a3AbF3B1677B4C9d846c79E738074AB45A532AF,8
0xcab1312283A9FaE71940C62A793b89310541da28,8
0xd3Ad7E8a381244c756d34a542eEbA37991Db390C,8
0xE6870546561A87b4d5e368C16f4456b16e56B8E5,8
0x2E229196c169dF6Ea418Af79115de0D9b4d3eC61,8
0x5873ec80b487e4C5323B9b4fb616C9d5f65dBD55,8
0x5Bd7410A3597c3BA436d20B430102E9F91266D7D,8
0x42E2564F90eCfe0f9F72322740679B76FE56EA15,8
0xCaEE41eE23AA74aaE373A9333b6550AF10282944,8
0x2bd0B7CF9d6C7C90Eb5A224e1C91d85BD1D21cB9,8
0xE12E2BdfB39eeCc25270ED301A1d66bfd60B7969,8
0xEB7a12fE169C98748EB20CE8286EAcCF4876643b,8
0x816225f2F3f1C3734bc9536d0f5C62f0a2cf893C,8
0xc17964De33152423Adad487BF09B6813a1817130,8
0xBFBf0dF4f7dA7429d523FB7B6ECbdC8B817b9B54,8
0x2EA58CfAE2E5623711047778524Be7Fcb371f2da,8
0xDB1bb9262897F66A338efef6924f2d0D44680AF8,7
0xa8DB5cc795F1eCb37333Bf895e4c498871b0AD43,7
0xC65924E02244f1c5141Cf5E2fb3881cC1D95AF83,7
0x682251594243E472418c302F262bF44f6a988b0d,7
0x1db843C2985106aEc906Ae813cFCC3eC4EB9067F,7
0x39510299bFBe8A774BAc58Fc79581d40729BFa92,7
0x0A695b4557002cFE1De071AaDE3e255D7fe3cF0D,7
0x9ff5547DF546c31D9CBb24dDEb4097665913969B,7
0xFbC739a175a17Bda735f94bead1873E3F88Bc5A0,7
0xbA9e930682c65D8f40F00820d0F9770626398b3C,7
0xe0677A330C449D861DE7b56D5bdA5aFce2b9Ad2d,7
0x0B52ECda79223b6b8b65515eA2466Dd175ED8fc3,7
0xC2675CdA4b4B6c3D8e8Dc687cE6d1c5417F62a97,7
0x5A1e2AbeFCC7F14657d7fC3695Ea1190b8236C23,7
0xd0D004B4ce867785D9aB4C684f0497680AA7B6Ae,7
0xE74fA2fc8dabf8E5117d20b82493f05cD69c874F,7
0x20Ca1e75384e41972C49068da22fA074aF9F1058,7
0x13C6a19CcD443372c3Ce86BC57887ee06EbAEa70,7
0x224da03f2E9ef7b84B6Bd6f62de6F9e399eaC20E,7
0xfbdEFcaa6434dF01666d3654334689Ba41D48eA9,6
0x216dB7326a333279f6C354FbD7a150319eBA3DAA,6
0xf99b5d08E266912af1aA62d5C6B4F78d27c1F6ab,6
0x1F4C10fe51CDf498e02f1393168686088eD9B222,6
0xb8Ac952dCdFD1E77222213aE508aD8864dC391b4,6
0x2b7aedc1285426B0C1962d44776a8172145582B7,6
0x01e4e2336c28deF39C58098893D8ad84b9F1B9c7,6
0x6054d61eB4c4153B7F5BfC31cB0f20Bc85777E7d,6
0xC0Be9C98BfFB09d0BA5531Ec4979c208109545C0,6
0x93Aec41C7Befc4fe92289b6199221c4C360a70a9,6
0x4D4b5BF5a24dE13483CFB5F69E1605AE1a7dA549,6
0x8ae71ccD8b8632a45bB50145d597b0B3175fE7D5,6
0xd42B21B1D86A6aB8aa22a966E826244FCbd1498a,6
0x1e14d59ceb1B16663225ee12ad3ad0Ee73504257,6
0xC659284Cd530F1DF076b38a469c4207d731a2710,6
0xA2526C8DD2560ef4ad8D0A8E2d8201819A92Ae96,6
0xF8554410ce684eE50e6B2698e4a3D4C7063b8FC7,6
0xaCFd5c981bFb8566114f689F7baDE01Bf899E7B2,6
0x9C0fe354F36fD0717e9D41E2A3C1d325F450d824,6
0x59f2459a8d4bcD3a97897D5c2054EE226b10D846,6
0x031A155662083A25d0AD4b9832684377De9F3495,6
0xA16E9d147deb505909Ee6A59B9Bac14aA9F8dfd2,6
0x8DFA5ECe3AAA642aE4f70381bA74479371577D64,6
0x32918DBB0Dad6C0E92eBc72F024A61FB8507277E,6
0x8C50C7290e935FdF4Eb4c3e82932C442D5e2741d,6
0x46ED3E4ce79E0b0634CcB03032829C076aD2A76A,6
0x9367C167D5663E28Bb60C1eEb93F7aaB6Ca63aEa,6
0x206a512baBB8C744f4e42A5FBb7abC1e9cE0BB09,6
0x83E81d747529F0Eb6145b149C438aB7f9BBD651C,6
0xb16Fd580224B1c8D754Ad16D5d630D4811FFB58b,6
0x4D5A98e7eBf4FD2851f2434c585db722953F5707,6
0x90A8988Ed228f02d64884716694C2b0dF2B3D2e7,6
0x25AfB26Fed226c69C7a1d3325A51e87B1993D9F9,6
0x2A11aEFDDc27635FAEA271c924C13a6D797D2F77,5
0xE13fb38876609d22db51A76eb1f1566A19b6AD2F,5
0xF70Caec95d5a8268Da32ce569A15A60651e4A550,5
0xEDf525d1Ec56380B39998a150E7Ab92fdc3D6B63,5
0x69469f819AbdF47f0164b7fe905993EBDF09bbE8,5
0x4d72D4269Ab46962713ca19cAb8161A87684A163,5
0x5ef3Af68D0B0279e8C257E2127352622727663c6,5
0x9Ac49D2FF6D3CAfb8811D3de84cFE065b55CDfff,5
0x2B54500D869fb696eBA40a3C392E5529E2Cb56e4,5
0x0DD03560Ff1f307713530F38e5c42934bf56D74C,5
0x2D4891048d07f7183406B61e528AE55a24ba5295,5
0x9B0DE76CB0A21CAd9FD37675731F65773508AF9e,5
0x29D128abA6746496b654f2d6D8CCf52f0Bb6fB71,5
0x303132DA0397E3d3bc3a9475E1dB85604Eee3cBb,5
0xcBC94F1C3578C61137cAD3dd7C49fd56FE0720A2,5
0xCb2B6aeBD169c0DE053d97c1a55C6ab8a153a87b,5
0x59B20B420E5AE46e5C3EA916F307a48279077654,5
0xB6a0f7C0e0c559Ac37f6cB7FFEcC28E33BFadbDF,5
0x247Db348044753073d6764Db503945148b1Be554,5
0xB5B4a1378e98f73683884E240734BEE3cF195fFD,5
0xcbC44e0850FA7819184Bfe379BC46f3c84fCf468,5
0x10AF8E0b4e72623dA586C9aD403a8a2b9187cEb5,5
0x9d19ab09A0c29602fCe1A662C1DE70A3B5E22EbD,5
0x32f1d98A8dE9d1eB68427c730f6B0871Bc285605,5
0x64ba57bF7977DC2c60a5C9935E01E2bc6cf638cA,5
0x3fb5EB6F0D81Cd51ADb5338cF93bb836838A5278,5
0x4Fc83f87639C917A9703F135f4C48a50e54eF8c3,5
0x765e4Bd7B83D7EFC7ffC18e9592920DFE4516DA6,5
0xc161B4eC3578f107632C0b215785af5c9Ee8aE38,5
0x2E2685eDf9090964d40Cf07945022727E00F5387,5
0x700570Ada3FEfB97AcB2388AcAf425790B4F11A9,5
0x88e352bACcD2974F28055263a588d62C7b33C406,5
0xD0Fc3Ac35155BE1aBb191116818b291C9C775795,5
0xaE10718b18B1E0aB692e416D599a9a3E15239369,5
0x66823A962551cc8a17eEDfe1ef4F25018Ef3DEC2,5
0x8d833b913cCCFa5a2b435D5fC16763df6Cbd70CC,5
0x10585C1E61830349bF1a8A0A75945f627f9D03E2,5
0x9091BB463DD206FF821d97664E64340B75B5b442,5
0x02C545e7E16afbBe405FaD98a8a5a9a9fEeCe114,5
0x7405c2328b85a1243be0717aBB4185661ec5f4C2,5
0x192820CE84FA9eb457Fb228c386fE0ed22F7E33C,5
0xC2978441F46a76c60e0cd59E986498b75a40572D,5
0xed7646046603F5F661d789964ea86233Dce0E297,5
0x956D58D3B3389C6e5b12F52227b30DeCb3EF4da1,5
0x1DcC1Ebc77c0714f8f18eC1114a953499644b6B0,5
0xDd3f826f57415e5abdd22e5cF609EBA417499611,5
0x113c91eAdfB5438Ef7a6Ea80677AABC7F1F7AA18,4
0x9e24c5bc402b20f9104F9f518C80BAA55c0242Ed,4
0x5f8E523E39ED93FE29D4eC23A1A827FBc374467f,4
0x4D58D36e46Cf9AF14e416061Fe5D0074780b4099,4
0x6c6E8e6e2245F0dFa5e1eE63256Deccd2efcd80a,4
0x2e67494A6EFBaA66f932bce73152f99D7f56288E,4
0xF38414195f89161E260Eee70686E2F2bdA795974,4
0xC9d85B3549Fb633d96842B610B3E1685d37E2F8a,4
0x0F7a1e945b12867E17Cfc077649E584dE032E1d1,4
0x280337DD2542787993b48feeFfA841dBD4543c5D,4
0xcbaCB9cd469bA753462Bb060D43Cc4F665b5Ab99,4
0x7f85AC005032b7a405d535Eeb6aa6c29D05AE859,4
0x0cA22CC3da9Bfb4A45A6f2935949cfA0a7ffaf92,4
0x845dA3DF35ca17F2ae0b272C56a989E62E71D882,4
0xfDFe01A804DaF737a1a44B062aA09e2A0807620A,4
0x0aB913a27a033d55Ec8fDdDa16D81804ddaab604,4
0x3509672ac4DC1DE2b3F7030A1845D1a4269f608f,4
0xA218d6A3Ad14CFBFc96017d5d7bcEeE1484BD6A5,4
0x4B09a379d88450bCE02DBA991DFCfF787d7B7ba6,4
0xa1e56BADEb29635a0A5Fc1c04b731010A8aFf6D6,4
0x7A19E3295036C2Dd07391970241D3c8d77627813,4
0x0261F384fEad0606AB406836678e94e8bef61f0C,4
0xcc1A654c70840b750645d87B1cb56d186668c45e,4
0xf332D7cbD4396Cd9D26e2b2a1c5fF2369363C230,4
0x8C63D161658ddAE4aEFb92b105F1730254CA7a3c,4
0x351d634774898920e416057c67A2cc4d1418b758,4
0x3fB4860020f916C9799D6eC30b9203C20010c929,4
0x5591fC298A31f9085E934567CA30CCfdb7b2b4bE,4
0x0cC3a8E94b667F0EE16b89a44b27942Cb8b482F4,4
0xa1dB5Cf45281f334e392d22629d33Fd8bcF59383,4
0xA779fC675Db318dab004Ab8D538CB320D0013F42,4
0xcE57461b057FfE346FaF9A13597eBD61Da705aD4,4
0x15b3eE61858D07903bC4ee0135551B528976E688,4
0x63a15ed8C3b83efC744F2e0A7824A00846C21860,4
0xBC0DF677306F54F46afDD6F969a58330fe385d97,4
0x5BC4134ab3E945dA2D853663e8963b4A0cb38535,4
0xbD039B3392addF3d3279B1c01e750F2Cc5167519,4
0xc6e415E26D421A1e0E3Ac9A5bcaF12A577e5F332,4
0xeAca8307F0d6F67C24Ce8Fc3B3a6D664d45CB06a,4
0xf4C64DB66ffb301985f5ecD85C8F3f9c02f2659D,4
0x1821BD18CBdD267CE4e389f893dDFe7BEB333aB6,4
0xb02f6c30bcf0d42E64712C28B007b85c199Db43f,4
0x2eb0ecD53d562181B005Ff8711152CA3A5Cb8756,4
0x3d08649bC4473C6614B5d861438dfa584F92B4e4,4
0x7544A4D269B5ccc8e7DFB9DEB99873C81C3bCcCb,4
0x8e961Eb62B866F71f446baab145063774004cDb9,4
0x2d64D4De58074E7cB8C605BB7BADc13aD856C9e9,4
0x853038C8b98818ee8cB91D8355454C18909E343b,4
0xDf4abd11D93cba45F8bE55E3A41c1c18c6f8e9C1,4
0x70cEb4C4Bf575EAAE2c3e1311282e45c69e03684,4
0x60F7442AC2E63670f955a5b40aB9f573209539b2,4
0x1AC08405E96E3561893eef86F194acDB9A24D38D,4
0xA480Db1A6D8cA97564481154c7Ee12bc5EadA0e4,4
0x1cE9FF9E35B27a847e2de6aF1C83F09BA3244768,4
0xdDe74f034163192dd2170BB56B9CAc2d45Ce0a36,4
0x7a09bC388590Ed29dB7aF6588aEd22399A10d6B8,4
0x325b731129D70057efEB29bAA58DEb8f05920a6a,4
0x27524bfF4423404F4b516367Bd6a67c71876aa7D,4
0x087f2606AC8c88471Ab9b011a5338C1bE0f6f650,4
0xde738C4084dDE5083A7959235Fd230e27eAFC63B,4
0x49E3cF47606a5Da7B11b270A790E2112a467485f,4
0x39Fc723DD9ecFA3989f181C03d0fDc70cEF0A8e9,4
0xF7658bB87E0C073Ca40e7fB277F49Fce150e5995,4
0x030745377d953913B2aF2A64D961287ff800F7E0,4
0x95bba6AC145f6B34433671800403752ae401c530,4
0x5C8562a145A3c754AC25d5061D79F23D3Cb68CC0,4
0x31dCa74fBFb341F876eA185855BBd03DED959fF1,4
0x07a145DbBc7e425d0F1B3B9982F955E97abad7a2,4
0xe529ec4561820927af97C8dECA715931BA6cbde5,4
0x72673864D0B507BC31ac35C62e711Ef1F3E1407f,4
0x8DE2E31DDdD4b86B9a16f505d5016e6615256c6F,4
0xeaaDBB1bb3CBbc9a7C12632b8eE9854a428dD9a3,4
0xaCd9521dc423382B5Ad147212b7d9eB44058C51b,4
0x2aDC244A7CA596fF9927CDE4c9ec40365E6d1857,3
0x77236bcA6a38026FC4e2f72189c14cD52ae823C1,3
0x2457CeEAD67d1cB6A91EED3632c79A9063fc98b9,3
0xd9274155f08CC691095B1bE26D01ca7bDe8DFD3F,3
0x07Aa0abdB74d1a71239d1f8B31E3d9Cd1554c261,3
0x239Eed7C829E766703E25603e326DBce3B604035,3
0x7490aEbe717B512C1D465253909FC8262F75B047,3
0xF8A323e916921b0a82Ebcb562a3441e46525822E,3
0xbed5008F138FED0471bA23304736c83b6b6dcb7B,3
0xe317C793ebc9d4A3732cA66e5a8fC4ffc213B989,3
0x040f8bFB35672145B5617B2C9c51164A0644F96e,3
0xfb9c95f33A46844A8AC7E641bC51A41Dda19430d,3
0x47750D3cC96DF61E8fe1fe2560DF2a7B57350524,3
0x9eF1E1F26a1C46A3daf4e499Bde6AC7664CC907E,3
0x22E2fFA2a7dcaea47eB7c7Ca7Bd701Af90466f28,3
0x77308514D2c5B756Abf0F913fb5bEf36017640D6,3
0x2f0d78141257F388096b5b75bB395fC7948F77Ab,3
0x7d5Dd2ae6e6a8c994a3215a76dB7F15F93A8EB0d,3
0x2649413D1BcF67f8dce6D6e7Adae05E6A1294AEb,3
0x55566CC462F8A2634B4Ce8927fD9904B0E470497,3
0x1972560D3C113924DF93dd2ac84BaC702fF5E498,3
0x4ccC847B4424F653eB4b511CD2c922f9F0dE3F12,3
0x156668D884ea434CDc13c96B2C5B80d9f59FFdd5,3
0xf393bbA47edADe89C64ccB6a342e7132c8eD8444,3
0x18301D5164efB2bBf52aA522B4d0A9A7FDFf4A72,3
0x56307808c738900955B676EbbAD58202a5Df0968,3
0x729af23D728ebD9c789Bd405a3D2CCd2d7315CB4,3
0xA160E89117DAF8607E39Dd2d7A265b0089325af1,3
0x2902A425a63716D5F1cde28cF156B4cB6292c375,3
0x4b3E77089C5EB6558b5355EAb3bF2ee4156bF2a9,3
0x7156c6b4F73a1E0245Cac9E920354875405acdFC,3
0xd5c09a434509C3c9796f904E5EA5018Aed35b213,3
0x4CC65D1a9B11B5C6840658e9eF0c4712432184BD,3
0x9eD500f2dfbde0d561ACD261318f79fd0322BAe6,3
0x2dbFeF8a7f828eaF9c388BDC87350F1b75641Fd3,3
0x771afb599313a64C45B881FE1B5823F6AC8D716E,3
0xA43B30Fb0333e5d68cBE36E20C6ACcAb28F82cc3,3
0x4345C89fEBD9083303f2BD8988343bC7207Ee94F,3
0xDaE420306d31d482E9a2ACd30bA3CA55Ef0197e8,3
0xf0CaE1DEdBFBf03Be42526a96925def30FD71c8f,3
0xB0f5d78437945ecccF84ad7A1600495f3a8042c9,3
0x1F9cB21D38C0dAfA1A6b1bF52503bc00FD9a21A1,3
0x19e02B992c0295D27eeCfF941D5DBFAF85409D86,3
0xC0dca345327edada553DfBd5E29b6ECB293b99Cc,3
0x099e89eD5194B81b22c8C339f33438b219cC816A,3
0x15a9cc72EC6DFA64cA277EfCdb4041E423342808,3
0x9aEee72a99AC87763f171EA6b85021537cEB5014,3
0xcF5aB63A93DCBdD9bd46128CDEb7B4D8c760DA67,3
0x183C1fa5D6a7FF43Ca7270bF37c5F9F1fB9d904A,3
0xFB4A7f3B61E66f2FFCE84415eb39AAF3ab2a024c,3
0x7e34F0b9CD12D909C7a066758ce98156F3576F75,3
0x2f9Cc7d277C7200d707773c42AFF26a54A49B1B6,3
0x3afAFD4ED9e2d94c58F073C84d241100493970EB,3
0x86eF5F11aA4f668ae8c108e1764315ccE62ede9e,3
0x8bc1de6C1A591B6131d5e8BC6400c2c800E6d989,3
0x8E79742adB81ed3CE83C2478C77BB14bB0Ad0280,3
0xaCF481Db68BF8b0990E10eD01FbA143921d550c9,3
0xa020322C958defB28d3f8C3374Beb9b01a906800,3
0x09261c4AfA04FC9e3fa39cbd8137A5423d40B6F2,3
0x9aE6Ce73BCF4BF8Ee313C831fAdC44251C1E9007,3
0xefCAC02eB24cFf36d9e1688C7Bc719081c7Fb3B3,3
0x4553b58d1B048E833Fd8aE1f3F17Ab3c1E6652eE,3
0x1EB5f481cb6032A0265518DF33270e155c6cF18a,3
0x75749bE2cB9f4294B29C35E968B32C3cCD09088b,3
0x68856c1Fb2525E65bFB3F945E2041E24ea373C21,3
0x38dAEa6f17E4308b0Da9647dB9ca6D84a3A7E195,3
0xC9b5db189631ED9bB35eb795826d90717b43B56A,3
0x2dfb5Dc942280Be73315cbab54b099c2541a0482,3
0x5519D6b6d704503D434FaF563b39d3308238C363,3
0xB4387FD9ABB7A01d0d09f2b74119D242d8bEDcBf,3
0x4D04058eA425e038c7A2296BbC75B22803D8920A,3
0x74b4214d13f72E033E72c14690a8F822095B368F,3
0x44e77Ca562482496468EC234ed6c01A8FB3d43bf,3
0xD09eE66ff01Ce668D235Ed4a41f64a450F7Bb6FE,3
0x9e2B62356368460B349AFD5E50f7772EACdd7af4,3
0xFb45542dA0F4447B13819e3a1f97D041De186914,3
0xAd4176104EBf1a471Db5A496f7778f7FF5FCa429,3
0x971e87bb6A90B8c791D703EA3E78D103c99D50D0,3
0x5877Af7FC64E26c695806E2Fd7e083c8511e61f1,3
0xbB8e371D6Cd17379C5f0f1076b3D9Aea5b4e57D5,3
0x0e9bc9eCDB714ebeC170AEC518AC75A57aB032E6,3
0x7bdA36e22524A44ff093Fd332BFE5f60717408B2,3
0x8F60D79FE3dF6CD0E3a44288AD2F41Af134D813e,3
0x67eaF77E1F9561c2e21A567754517b137455df56,3
0x6EdAf74004cA5186D28d6Bc2c37dc7cDe17d95d7,3
0x2976A9E0FB246906B346c2868DC1CeBA79C68Fa9,3
0xC129D8D3112D4fFC2C823c560689d4A609786162,3
0x3b0a37D45C39185bE01aC71A4fEab870E4eb1F4D,3
0x26a8FB1d0FA68ABc92e43A900a777a6EBd296686,3
0x92C4317830aF63462064B9b120f9C094Ba428890,3
0xa48241317345F6c721FbE37842cBB3BDD65DDDb3,3
0x89a27fDE1243d15c2809F5AB3D1F0aa4175bb0D1,3
0x874df3ddA021045F17542593e161c2C7366Ae266,3
0x06074Ff83C4240c554dE83160E611007D66125d5,3
0xF606A30c78E4db0B36845C8e47901718BD62d885,3
0x97A91D2b8aFEBeFCe495d8F40B6dBA7bAfC21e5b,3
0x59F9e5811E8f4a92b9C35b1D6ac7e8469EeeC761,3
0xEd35Ff163dfF45Fb403f6bFB4AB465c58f90431d,3
0x1B6b5AF03127f9D9A2f4BbE4fede33349e79BeaD,3
0xBe67DE0C3f7650B958aAbDFfF3BBD8D55d5c2Ccd,3
0xf4b70c53afb3dB47795Fadeb93e137C5d54fFE4E,3
0x21387e93f8174AeDa84E75050F73A7A07Dc40045,3
0x2a274CdBCf7D956a68F46DD690d6ecD5ee773ad5,3
0x2D0C7b0fe6c99E11aCE891c34f17B8efc5B14E13,3
0x0122a528C9dCc2ceC9c8CbCD7DA72beB828d0527,3
0x60D261917a07746cADf5aD57367F394F8DD4Bd07,2
0xE8491182B2984Ac87633eF86fD8682344732aA58,2
0xC3818e9851f9EBE5Ab4FD46A46173304C7253Ef5,2
0xAE761c68f0d6d18aE9118dC5D9ac7bEB761bFfBc,2
0x85529e3f9478111895D0BcB51C99Fb4793682CAF,2
0x297ff08F9C0890e9e6eaD3C3611e6fa0d5Be6D27,2
0x383FC61a3E9995b7c0D69fa296CF747430c86889,2
0x2014c9Da0ef0bBf091F292Dd455409701B01A737,2
0xf78498B90E65052dFAa2cbf7582Fee9e9a8A6c25,2
0xa4f32eC0C24971bF29b5F4f73426E0101A4F44F9,2
0x2A54adC5A26Ce16dF2f654126bd27AcbA050e8Dd,2
0x275639B03166B0B042D5E00bCb7ec9bED1B5824c,2
0x7a08EaA93C05Abd6b86bB09B0f565D6fC499Ee35,2
0xab193431626C43E8483aa2e79b993f5c78b648F6,2
0x17483a88242f13198Ec6a4a9F1D92665676a3e95,2
0x931d7cA80e945e9aCdF81e00175b78c5A398110F,2
0x163B5532a467e9b55682972272C8742728847dE7,2
0x2e32935bfD5B2718f99BC8FDf8B37c16811f7D97,2
0x1DA58933f381EDf6f09e9FaF2ca789b48e58BaFB,2
0xdBAE426B3809223cA3ed44b43f789808fFa35E7A,2
0x763B0641a28fAa712b16D45503EeFAc1749FC3b6,2
0x141188276D6aE3027b64080b18C7a1f121936630,2
0x8184ca341e21Ef022282D4d289333F87f8851F7A,2
0xcedB0e93A74EDe914cDA54479E3B310E853Bcb2d,2
0xcbd38467F5811d91a053Cbf63853162c66bF57e6,2
0xEB11caf20212f35dBD597A2838b07Ea0eCeE543C,2
0xCDa79a6F22c2b60608d3B33343a7FBAC52B881A6,2
0x4715f34ad2660E7DA1857D78ACA126B36b4F8368,2
0xD682A5F2eB63d79a472FCEe45aD94ed9A03D479c,2
0xeB57dd0A036e0bf4bf16A00C2697C3f6B54d10aB,2
0x331AeE7A057F36a7B44Ef0601c954a8A468Cc6ff,2
0xA4BEE2Cec45B4a4001cB491033A5B95EA2395221,2
0x08EA4912DAf3A0141c14E674599355597f90f10e,2
0x489DB241F042b91A2202e800566D2c740f8e43A7,2
0x9F2c55CFBD7c17bcC5b208DCe34295b2271255A2,2
0x51AC3C56DaCcdA5e808E6F5a9cAb17de8EBCA51a,2
0x54D69ea76fA74543e27dc93868D7857fE0f37A14,2
0xb37F4c3Ae29FD04c454867a2586D02CeE47f52f5,2
0xDF3D22f1b917D4c4e7aEFEcb57e38372E19FF4D2,2
0xd28F427Fd3d449fDC12F931b48c56752e00f8114,2
0x60D53BbAE24a594Eee6d2B92B76af8cF20332fF4,2
0x685d5F86d4f4D8CC1797D666052573A477567277,2
0x0db0960e1E358875c5A39A2422425A8513dd77AE,2
0xe0B03e87830219Ea34C543ca933EDdA883011b49,2
0xF8fDCAD129eE7014E5709155B99E4c861c8a7F52,2
0x562b8019780A43e76407132814626DA64f9C25B9,2
0xb9b9A82d8EE8782A6f1cF50a0b2823714BAB8E80,2
0x349a163d796546d34e8998948a205FdAeE14e718,2
0x22ad17DF62238E38b39d7491C7421987416c6050,2
0xC69DEb4BC1EEcbDF04bA3FeCf05b7a810DC93d40,2
0x1E2408d243DC6E47aC537ba92C4032A2D25315b5,2
0xd33F3eF1Ea28Ddb5315D9185fB7fFa007a8Dba4D,2
0x54BF374c1a0eb4C52017Cc52Cf1633327EE3E985,2
0x5D9894B63fefC9325e6bfdE504920c78afe1c292,2
0x03a16426e4A44D2e91C3AF4cB7e13679db6c5E6c,2
0x510ED8C91250C0C6044235d81B3977Aca0f9D691,2
0x00F69AD2107E9475B62Cdb15F8F6879b62003cC1,2
0x5a1B34e9d6d4846f44869E187703F61ebc41F51A,2
0x53A5A08Ec4A05314Eca787912F878f6533326431,2
0x33A7cC5B8fe273aFDb25A24dc9CeC80d020a4A62,2
0xE16D3Ee5FcE7A93080348d4a259cCc50a13A7e88,2
0x66931Ffe856E66686ae03145F211461D8f1915f8,2
0x09472a48446cbAF8E41Ca76B882f1f1E0E0A8b7D,2
0x1ef9eb8BBBEA9f61155aB9575bd99515447F712e,2
0x1C85Bee4Ba5bc9A6cDda0B2053F7aE0b905604E7,2
0x4A189d95A2B3F132E0E856d1B73774c3f2829904,2
0xa36f7d9917832Bf04358a31900D3cA56E1be1507,2
0xb0ed9703eFfA36C4286D3ECb9CFa37D992f88abC,2
0xBCfeA7C894cBd0CF5fE654559268f2eB28c7c659,2
0x89F44d41a939959d093a048Fb1ef0eCA139b5072,2
0xc2561495f5921b07d6789868AD5997C7D007A7Ba,2
0x90b99b6995Af833D7860142761AC5688DD58430A,2
0x8D3D581f368E55c74F5C758FD928847f473694d6,2
0x4A618DD3654D5d05fBe24c08C57306b75BA287A0,2
0xcC37c3E6B223f108F5262b08Fc8FB313d96Ff313,2
0xF58C88B89227F76a7233655445EaA8fFE0b1Ad23,2
0x25bf6EFC94B152872C1D259bf045faBab5017131,2
0x2a605f3937ACB3f0A8F0e65EF4EBD320367cF400,2
0xeAB37B9b0B3Ff2D24e70bCf7b15ff574b410c4d5,2
0xe9C093743B74dC0703267d6147b31126B786524B,2
0xD2d931757a2728303aEDA41ebD269CA1CFe0145c,2
0x9b39b33A837fecBB168EaCE8e54CA61485219A98,2
0xe562A909112F264e2e21ddf19C1614d46974121C,2
0xe2289B87a38D32062a93bD94e9F787F448cAdbb3,2
0xb6F9163AF8b0d861cE7CEEe8ECC9F7f1AA4e0A09,2
0x0920C2148cacc810fe7B16B04055ca2E31950D11,2
0x95000C9f4fFa183A5B2f6bd901F83ffC110c880D,2
0x5843d97cb7EeDc0CFb87e0dB651f35d25A2f8fa4,2
0x5E2e43b9422795B40deae50a2E9660d09e37ACBc,2
0x1EB1dd55DfB384eC0fD858946e45ca918D539e34,2
0x598ed77bc7fE9cf0620D8bF48b862e95ee26a870,2
0xD5Bb486Dc7BFB6fB8BfEf23B77Db5730a3122735,2
0x898cbCcE1E15c9191a999b331832619FC5fF6F59,2
0x36f42E0Bf150E3eF2c3B93C0471ABdb151Eb6FDF,2
0x380482434345657935E344851043bb8386300780,2
0x89F0bEfa34ea245057CA2737B478E0680fCfd1D2,2
0xdaC2c5D760ff866BC796DDb88dFfEc3D9A90b7e5,2
0x5C2C3764A4Ba0a4ea4B81532aa48e3A72AD0655B,2
0x3888565bcf8efEeE728CDE0f10E287888898a077,2
0x92Ca62fBa75710BbB471a92070956dC86Aba5ada,2
0x0Bfd6e674e98751B1b4e9EcbC183Cb79Da16b8F0,2
0xEE08F7B9bfBd3786a0C49a6318E7Dd36935F3C98,2
0x9B1a90c57E230ead374E6f7B4AE262D626A25eb0,2
0xbFc016652a6708b20ae850Ee92D2Ea23ccA5F31a,2
0xf35D94A9578b0E5121B6A3395A9Bd163ca82FE03,2
0xaBDa1F1a2EdBc63542d42046BC2b97Ef99d7c4cB,2
0x615459D06A15D526Db8E8dCCE80B401846BC1700,2
0x23bc95F84BD43C1FCc2bc285fDa4Cb12f9AEE2df,2
0x4365daB1348d97c971Ec7E126F52333DA1665492,2
0xb4C5B82D594B624940c657c026b989F08E4C742E,2
0xcDC707a67c98eA32154B31EbF7442B2912a14d44,2
0xeDBefcfd79A92AF7dBA418972c736E603C19425c,2
0xEA975ED81C7c35eA4270aD67Ae6184a04Dd2ec92,2
0xf7fb1039790311032c153cC65dbfD2A9FB0d84E5,2
0xAe4639E260805Bd521fA9c416315f247Aa44761C,2
0x425C90B7CA97BEc31aa2ae2Eb58F683F5D11E03a,2
0xE3881F30b0Ac4027D96C42E71F2c5547c99BDe8c,2
0xE07912b945E600A6Dd76afd097aAa5BAb7C512Fa,2
0x03E28314Ad54CEaD6a1c719C52D862935c3Ad663,2
0x77C96fa5A0193C1118F712401BE802293F8C90EA,2
0x6055E5cB776ccBe1799c61B6990515Ee26e26681,2
0xfE7df4Fb46fBEF133275862C85307Cb62da8Dd8c,2
0x130C6664B088e95427ff8a897B601996D5ea69B7,2
0xdcB65006FE465855434cF07Ac8131894a4859BFd,2
0x1F75b03769F48AC6008569BD4268A86D75aa4b8B,2
0x18c1e5e758edd9d8CDc2Feb4FD2cEec0Ac6F9Fd2,2
0xB3A4d06dCc1199AD46F517036E38beB9c715fCE5,2
0x5e99b8C74350E4064f2B5B61C156F2cd8940FcA3,2
0x5b3aA9b1076Ea486a8300DC6Eaddb9C765eCe0Fc,2
0x5fE79FeB249012773dA1ef7484C29A4c4fC6245c,2
0x0FE811e541A1612873f7F4046563681273c643f2,2
0x4592Cb2f09cF7838eD2393a89423B908c4A5d145,2
0x60f7BD72cCA96c73520a5F2B28923322D2792942,2
0x38C8aCa287668Ed33cF2E2cDe1817f554E105489,2
0x192402b1C85bF6Eb36914F4EFbc5cDd75F1C3eD2,2
0x7C4a7d85623CdF7bBf67ceaf2b862E3028Fe9aCb,2
0x7ffe49C4c0Cbce71A5B789640C7CdFb45E9A4169,2
0xfcCe769Fe83fB6806C39C8BFDcD258B34F21aEBA,2
0x54Ce30e118Dc9066E834B766554014781083F918,2
0x1c0464Cb35D82c52f292A4eb9f20de3733Eb7CF8,2
0x23b921B4E3993c492b35ea463C47ee251bc6B1c8,2
0xc489BF9A47fA6945A59cCB23EA38397aF46D9187,2
0x987A76e65b8e47174a4709d6a30c74d756A20436,2
0xdA19A49C0B1327647cfA857BF663a158715Ab0B5,2
0xcd8fF7267c0e94C445812bdBD929FaA2CF929da6,2
0x4Ade4E108d7487cb69502C71eFeF20dC917cCb9b,2
0xDa51708fbAb777A17FA863f313214b37Ce2AB3A3,2
0x77F45203b5AaA93bC78f1d355c69AA991a57Ca6d,2
0x235b6df21a5d38aBB20E8F8cc6D98E56d7Fb0FE6,2
0xFb469965eC425D5B83Da58dd75A3A77AC06eafa1,2
0x6283E7d9FcA5943CEF678c1D11188B83c958447a,2
0x028922106555DD3909F7aF0117062fFb6a16B9d8,2
0xFDfE3E555f44D926b70Ebdb94F174Dc7E7c46B81,2
0xcF407021eEdf579d8F5D3C5fe012e46714cd2d28,2
0x866C6E33FcFD4FC45b386E4d1595e2318cf1d635,2
0x7abFA1E1c78DfAd99A0428D9437dF05157c08FcC,2
0x121d6990e624CFA09E3B785A2D13935941b29bfc,2
0x9c874bc28b974CC90d91450Ba093539C756821eE,2
0xb2BD0e1b3cCB736969901FB0715D94517b7E42D3,2
0xa6f4FB960Edb9b65C0fee56f8bc5B97946d57140,2
0x85F8247e4032141A56879F083098aaC3178ADC4F,2
0x5021ca11545bb39ADEA9cF8CbbEEe9c3182A5c36,2
0xb9a70296E3B35D55d4271B7e775f77f7be7645Ae,2
0x9122C14339d3250BD57Cc39f3E670611E77D7004,2
0xe328084E1f0277022E437Ae105e883C7725B468F,2
0x93A060c00de95A1B5a9AaA23F582CB5B0E69E3cB,2
0xDa3863583c9FCd8A5D3506D91AAF33157124d1d1,2
0xaBf7bB26670b6D09dADe3708312216ABE1D6cC9b,2
0x717fdE85Db7B471c09df5f661578901fcc688f4e,2
0x7D32184150B6F100f3BC8C5B938838BE5435fE3b,2
0x6432D2bCa1dab4AD3b695E09aC70358bAD4FB1B1,2
0xC94d81ACAb9F2574CC424aA5764Da484D856a4e3,2
0xcDA04A5375fEa87509A22F9660cf0193EDD3A658,2
0x88797d396e29A045cDb5E53e5DCaE01e96C7aF39,2
0x41eCEa25bc157A2c41CEA76DcD85E7FeC1f38131,2
0xa5e3E1f11091aB952E990e72fc9445965c72f33f,2
0xd2bB5bCaaAa9d2d77a50598055397916780972cA,2
0x81ebdfc6F17dDe887d10e4032a3d8aae73b489F8,2
0x28dEED4484806d9200F8309Cc2412eBDDD83D008,2
0xE09b0a9a6c4B96620c9C7B05fd19B8f0CbC105B0,2
0xDf0Eee3332edc4B79CddD06B88Fe98F61840b64A,2
0xeEfbADa5539f9ae2c87C1151Cdb2057398383342,2
0x8D3b807da031415e8aC776B1729a162312C4A6bC,2
0xB5bBc3D29F61CDE21C87C00241dc07839A4a5674,2
0x26067533D9325259C7B25B1178F3EF78C90081c2,2
0x8c634d2C24b1A2fD6742BD3AeC09b9d0ba1A40e0,2
0x1f9fe25662D3A8Bd2a9cFF5CF8b7F8804874302E,2
0xa82eB835E341d305a52449691f79AAd597ab6bb2,2
0x8F374D27630FCEC0E41856e6080442A83F695630,2
0x0c9f5D112728213c6ADA38365d4e41c190F50e60,2
0x06639F064b82595F3BE7621F607F8e8726852fCf,2
0x1BdE3D2861Cb5216Eb6Ec559aFdE7d44f385D4f6,2
0xCd31dbBe37D5739E2cc55BD6ebb8824673bB451E,2
0x79B3C5B2b704d3d34c35B15BA06da1c2F1cd2c0A,2
0x2E285e94843a620A01a2462ab4b19A17B0847dDf,2
0x6D7eb9E77F5E92d37916664CC4515371c38357E0,2
0x92b742A3af7796B5cc44b3049c81DE3Fe6212f71,2
0x9aC20FEdCdaEdFFF6336254AA2133f4375383a38,2
0x24db6427d5A1c40261e865550fd4bEfF7BFFe7dC,2
0xaEE4C04C8Ab29Fbc397eA89DFF2a81558e5772cF,2
0x311b1Cc84caA44cBE81c19f61534ae3d99Fa8AFD,2
0x34fB5E72A593ec2a3a1fE04eb9A52a3Cc48ACc18,2
0x364D8FbB31dA302BA53429a2D559a50A841b7722,2
0x4083030627eFb8c26B8D6CE4e8b6b217Adae6ca3,2
0xD08692864DAC6Cb8D7097d20d4BAa9e70968e4FC,2
0x0D236Bb066Dcc46fB09d27445B278686106E89c2,2
0x6EfAC8Aba06188dfd8a02dE541b546D737d70e27,2
0x32d12513AB62d4dc7143A0f6CB605752aCE46822,2
0xfC593a76a451522CF96FDAa642dDD155dfcDB084,2
0x949697bD4eD2af86102Df857dB00B160973abceA,2
0x3B1a8b19e4AcE249589C7698E0CC26FC8fCDAF43,2
0x3ffA8CA90ACD3fc7EDdbC51184A0Ac1277f47728,2
0x7840146Bc28B7Ef66C8D3A62f95B47fd9e5b28B0,2
0x374B24Be502C452E28cA7012Dc6B460E090B66f3,2
0xBeE32aD2c260d55a216fD27e4f583733cD549cd9,2
0x2e102B2f815c48505E5691Fb17fb8E0459fF9d80,2
0xD7bad5Eff26389B4eE7822690207b13106E03D43,2
0xcdBF7A4dB0a22eE7A77a2402aA1Df67554dd5b32,2
0xe6e78fcD93Cb95212954C7E107E224Cc2CD6f470,2
0x2Ec694AF6864267fD257D66140317E9eD4979254,2
0x07c04AADc535186E831FD86D4B8f67565b577cd2,2
0x82087c92E7c14fE1B52c88E155d65108088566dA,2
0x2B789F44c8307Ec5a79e384361A88b601Efb9eaF,2
0xC7228584b146929a90dd3596e6308a4f723d08EB,2
0x4B0db37991A529bd312d23C32E2bDA3C368E83D3,2
0x2d7B4c7f1655b29ea84a1a3830aFaF8872C38506,2
0xD9758E7009c914cDAe9B80A62D1F04071C15b0f5,2
0x0BeACeD04E59C5E5815Dae7c300B9D18CcBA33e0,2
0xC2C665945D7bDBe30fcde2E2DfcBB0F1E24830F1,2
0x67016b9194C606A23D14B893E63fb1BB24632bFC,2
0xA892213333E34B879979De8aaeeE0e77d2060BDb,2
0xD0A5DD252C91CCC4B2C638be69c9818b95f29E80,2
0xA66efF1127f7Ec4006D5127Ac6c6d2a8A911f04a,2
0xf06277d4F9c6215C208c1C86B99A649df99572Bd,2
0x4B5F0eAbd5E03778e3d034CA2C8ceEe3301da505,2
0xe116d5F4CcD817e93a4827B4B1166fB3fA61BEC5,2
0xF88AD3B265A92acfc9F7157f927950Dc5317CaE5,2
0x2edD263F578557F6476538A4763E2bdA12a9086d,2
0x75dD7E0154BE11bF485F9f619243083e9352e45b,2
0x42BEBA0AAd9AB685382c05E055bfd3a81723fd52,1
0x7c8C8C5A4Ad247434225511D23a05e31959B69b4,1
0x60Fa9Bb19B3b3851BA5B56FEED8cB778Be5e8Cae,1
0xd1A80E036A4A4a9bCe207e12c080c93290337eA1,1
0x3Beb8EF597e70D5d2B3F323EE033454CAE228Bf2,1
0xFb016e4f5628365081D4936DbB86db8e4F446fF3,1
0x1ac77d3Cbd75b33Cd9A3905820d3DF6BeaB6d0a3,1
0x4e357Af319171D0adAe26a872FD003d6d79E68Fe,1
0x301b116C45eB6971F6695578E2A6483B4dc5D73b,1
0xa7CAaE1AE9574D532907ee9f1591813f04C9086e,1
0x969eE4A0866a8537d08E10BD703D0EfA4BF15ac8,1
0x40B64Ae4665109ce0Cb9Cf4d619AfD6A4f73dff4,1
0x6b67B3544b95099282D84af7Bd2c90BD019B06bd,1
0x5C853d8E24CC44b2e8026939C2eCE501A340a76c,1
0x784e83f002b248d5881af8Da47Ac092978dC3588,1
0xa7Ad81b623e852b493837e61B79Ec6139Fe0e280,1
0x11D246D75C00651afC24FC41cf450F9A6334fEC3,1
0xf4DDEc2eF8921fbbAc90c317B92f58Ad18C301f0,1
0xf349d19ecE06a19D74a1D41D19e4b446cAA33D73,1
0x99fF951f4eB9B46E5Eef15A14a4fc16605826095,1
0xF8fd5c751aBF0B10Cd87f0a2b9f0B13357Ddaa49,1
0xd31386217cFC204f0Abc17DEBc5129D9834e886f,1
0xcC06bA1D4ae0D5180521E1312c9b92476072A2e8,1
0x741BeB5C2D744f8aCc8f54fbACa1880911D2cB32,1
0xcFDD988150A8a20260c29f2E548b5c48f098055d,1
0x77f74eEE201A029942DB5b55FF283011C52Dd7F2,1
0x5aC97B80f8a53F0b78B62DA1C6623B4CFB253251,1
0x83D363c0b81b9E0508Aaf9B849E10e906253B07A,1
0x33B6A3aB72417403301c174a1b0471298591CC00,1
0xD513985924E8cB9B06C0933057C877ac7B3B4585,1
0x16833fb004eeEDc8Bb67296E45D7707A8DdA39Bf,1
0xd22CB4D52B8273b979961f274b81507f9Cd03969,1
0xBD559BE6EB250230444cE5a4abd6269EB7419b36,1
0x4cEd87d43E3039117D4772C1540501e1774f796D,1
0xd598e0Ccbbc94714422d544f1Caf162234C296bA,1
0x0ca95Ec2D8b53fd423735d171c9E4DfB0Be127E1,1
0xAa20980d24033292fbb6aa3fef392475c6d02147,1
0xFDCfb6E689a9c021f9D74a519FcCF80718398C5E,1
0xa6Bf253d118309eB766b72596a512A2CC6cf870D,1
0x463470955C61a54210b5dDcc20847cC325A2FF38,1
0x5D58EDC7a7C91239Ec2FD56a646679780886323c,1
0xDc4fE84cb1C5188Ebc8cea61a2358F3906fB55fF,1
0x586dbe0dE9bcB16000A0cdFB073eb37a6f6c4c5E,1
0x5389789985f4c795c56e706B7c283F8903e29e47,1
0xb5ffd6cd735bE02d0696D02C327FAEA6DDdc00e1,1
0x70859bb5d6114a761fdA4a41b6f6AD58a4B242b9,1
0x935D11916B54A9d2C9eBA242454066CddfD6f508,1
0x80396563D7573c5d7A949AE1B7F256972a72a561,1
0x86AFf5275F1Cd92eB580e97AB143451201c51F82,1
0xa43b3F578A482f39b9a846c7C1658c51D282a68d,1
0xC7B0948C3128aA8d14318D11f7F569FadA491964,1
0x2A5afe37b9c59329ba04df99D88D2b7366C67497,1
0xc0B34CC292d0727E488a6A31D1608Fa4Fb2D2Bd4,1
0x4a9DddAc266DcCe0E6923F0298267909F2FF761d,1
0xC9C15F41e87199835f321a2707b3606BbFF97226,1
0x72B293417C86d21493f9a7B487eAC2145fC08286,1
0x5A4385890C042539F184C7ab801601D00cf68E6A,1
0x835cc19f0E26A36e4a0Ac079731F4BB99285143d,1
0x97607f7ECCdc46FFa7188aAD10a57250B95CfF9B,1
0x97520B3d5a30BE0d09C114ADC8017C2b1eE49e4C,1
0x56E1908CbB6cebEA1b33c95dF07982d723ed068f,1
0x45D547Ba92CC764cA56D25e4850A7754897796Fd,1
0x21647cf750Db35Be2b15f39e27d650DA079a07c5,1
0x481421F86aA6568e88a396C3f72f577EFD996A29,1
0x8149DC18D39FDBa137E43C871e7801E7CF566D41,1
0x7f29ecaddc7a9B0e99DD05d4288d742F2B09Db44,1
0xEc6Fe20A1882Bac3F54D6d469c33a3fF83f5C7FE,1
0x24C28DAb8862bdd967977BE47EE6345035908b4E,1
0x5bb347443887E595820F74F028e837C3766f5923,1
0xf0cEe2ebeb8A52884Ff83f6c71d6Ed75C22e7f20,1
0xd41797b1336E6CfA9632F347a628ACF10f22E7bD,1
0xC9a7005C7C2C7034950C7f5900d81Be8D837c08f,1
0xbe5df18CBeD4DB3b1fD1a01b683f98bE2c46D9f9,1
0xDD897D66912d2c9BA153C634A0eD88ef367e71Ff,1
0x3dB45d75465C68060D8739fF443A0736a766BD15,1
0xf76B00b44F70a377acE77d5C0A4Eeb6AEa1a7671,1
0x72C3dB6F7Bd291F61C7f886404c2fee3852ebBc1,1
0x148A8077F25b41cFC51ec5d72CF4c873B158d05f,1
0x6A76C36EeF84cc6862a3b51e34957380542E6405,1
0x3702Cf6Ed885E0De619F84406187182e3569ea9B,1
0xFB89a5501962198365AccF8A34DFB7aDB98e981A,1
0xB1690d104C0E3d723d99d90A55b31B9691E67dF0,1
0xDe7Dc5a9a5decDAc725DE3B5b96905F726b669A5,1
0xe18d5b93ff4DFAa8181c3888E9F493c1F58800F5,1
0x90a9073429A20FD846139925C399357489733a7A,1
0xf6f40CeD4Cb39ed9Eb2c2857b8cD0CCc2dDAC241,1
0xF150c0D82d36C7022Cd2d8A238918D578C82BFB9,1
0x0010d29718Aacfe9a71911237F0dE849A15009DE,1
0xe5f459D5d03fE36be015e66405eE4CD1243C7496,1
0xaBd355e1Ab166A5425e7Bcccd8Db56f940EBE607,1
0xB82eB1dA53C5e394f8525c7D627dd03640D6bc97,1
0xF12d1A26297A01db2DF9CD85aC3D81002347f040,1
0xe69DAb397b59f52dC8B65C01533a17538a07E2dD,1
0x06e6214faC2cA5eFf6466A144dAEf7fdb9A4aD7a,1
0x9Fe4e32ffE575688b0A37909e7ADEBb27Ea7EEaC,1
0x12a1782A874455F97176Da919CdACf34e16be38b,1
0x2d89dDfeDE6E10497CEb7FbB29E1F8C719855C92,1
0xDFf7bFdfAABfBd88F094764D6a9B1722014569e1,1
0x64D42b4cf245d899131918389325A9245C4d5Ce8,1
0xFB20eB44b7A40bC5553981b26a6aD391bCE4D753,1
0x9b14479A9f139851Dd0E48598639F4a24D82af75,1
0x01152d5c7467204bFa015061097b193CbceA8ca9,1
0x8143bA053Bc34e69C7E0bBBf5470a8534D69D339,1
0x1F12713325660B3a736847724806bb7ae3a473e6,1
0x2302e8505354918b9693cf3722B18ECc17910039,1
0xf972Bf8592C3171B378E97BB869A980C3F476583,1
0x5DCF772F457AE4Ef318d41D3C97ca3fD65100Fd6,1
0xEb46D026404bE731FA0fAa87Ec67301D8C60C180,1
0x8Da621b7e20EE9D5347c4DD261F5E926BFFeBB3A,1
0xBF23A7ec0f1289523D38BCDd546F8685C2de11C5,1
0xfa22c5C2B616F3c14B9579639B560046241E8C3c,1
0x29BdF2a11065C733183048e9B524b15FF309FE2C,1
0xd81984B7a56e9c59dF80873076E5d788d724Ef32,1
0x8fa8c4Df8960F0924B180c2BAa3101b0FC65455E,1
0x6f7Ce10cF9335216f63F37F15d6734a1D417DB92,1
0x9687d92A6d449697BFfcCE5fab13708e6BF1783A,1
0x934B56346cE8Fc309CaA7BF8855a7e864aCD1feE,1
0x6E2eC146246F6C4E50fE9bbC643c639b5C182dde,1
0xcFBf3AA72BCc8AF0BA064d9E7B83888495a280De,1
0xFE2A4e705C00eA9B5A46283Ec6d6f694D5cCB60F,1
0x90Cce637fb741850B7325c12BD170e0725b060eD,1
0xcf6F862111c4Fa10eF350189d23B825EaBffa7cF,1
0xc856bABeedC650EC27f89D2110CD26cBF0084EEF,1
0x60c9dbCD2FF529995137F4bcdfA88EF835766dc0,1
0x9bE426C8A28ee7Ca935b5C27a4bc2395640c9378,1
0xDCd25dcC27E6568bbd63B4baab01360141dD5B39,1
0xDc23Ea21A57864920e2d6F711Fd92E412606cdc9,1
0x92FCe18c240dD6d72bCEf4b6c96393866DE75C4A,1
0x232707D12bDC1725B0B751aFE092c85D272f5324,1
0x137Fb45f21A04A476B5698f520bEC3326120a492,1
0x448BC8B5f99C45D6433698C8a11D589aE28Af73D,1
0xF42FeB1b93740d311A68e95058a38Bfe0Df3Dc2e,1
0x06eF2cD174cd55e2B83463fa3DFb12F0d4B08215,1
0x83Ef2802B333Ee7b729c97389B54F94Bd41174cC,1
0xCD69D8961E3ed07d98653dBC564Bf2480f15a5Ac,1
0xe4c7A6FcB6B90106D00874d01b9058908C31623d,1
0xb632467CB794Bd08586B2F1f7028efcEb14dE283,1
0xBf41adFddAdDF8a8798052C9B72374953192F432,1
0xd51C5Ff5710912c3692F95868fdD64a3E8714ae8,1
0x24A1239BA0f429B723eC5F1EcdF1EE015175B35E,1
0xB4C3a8Ca8fE617a990df8ad7D8307642161cd074,1
0x7048b265e9Ba8d92bBF74F4FeE0eeDFBbE6426b8,1
0xaDE56DA88a1e3B5DA44Fa6b1F55596a7BB7884cC,1
0x3D9935bdfA6DFed985be15da3324D431A27ee349,1
0xCB0D4623F1d5b161589A4AE474Be6B953EA05FED,1
0x9F745a7Cffa067d3B0980217b387eaBc318B97EC,1
0x75F4d204E1Fef0F84D225f5E4E8F37Ca328B530F,1
0x5E0B7C6A4F59fBc984F9Fc746b41740c63a5eF61,1
0xA40FF93717fEC514A3550e6ef3152Cfc195f4269,1
0xA50aE748a80E299e7C27A227e4602dD59c6A3504,1
0x0Df7ACD12E8d8e532beEFFCAd956079eA35Ac27d,1
0xf65C7509909bCe321aA89c73872D39ea2b60D9E8,1
0xE9E562884573ADa6dCfaaD33b3F5F995b868759C,1
0x7cB8cDEB23ba76c495b06E5844e6171e5e919C5d,1
0xB0396192dFfE735EE23ADC2Ce9F24c583577b572,1
0xe009f1c450EBE77ddd02a124aDc38851248f5F3c,1
0x3e97E3d8263139665093a953A7BB84eBc72E7908,1
0xe0988847FB63c7AA19101c9c638151dD3F2Bfd5e,1
0x5aeCA9E754a041BE745C78cC30CFc6673d0c9eFa,1
0x7C803a19e6BC5C1262c3800A81D5e6c4176C932B,1
0xC04612896300df495CA8B20ccCF48e9208E5f0AC,1
0x3C2d6d7144241F1F1203c29C124585e55B58975E,1
0xa8A2Aa7200B360e9B76fAFe60950a587449a0ed4,1
0xC1380cD52D52fFc8BAB1d40e6CAE7693Bcd3b527,1
0x29D7e3A195EA3915ae7B1f359E2C5b351E351A02,1
0xc2451c4d64e851F9f62963cA48a25471B2740E0f,1
0x09B55F547B47e4c2eD52502df918E9705FDCB535,1
0x3C284c6D6656aBC4475A2F3ad0F3895B5D4BAaEC,1
0x9c0d5A84e35BEF744EDc94D8F683F5787E15e375,1
0x9d71288cC77F37b8E8EbF67eA35B9961ff93A0Df,1
0x6A30bA36f9745c362fB629E52CEA25De11298F25,1
0x8d95336584A349EDA8537E5084d28a278F215Bf3,1
0x23ACf54F9637F0ad66FCf0F8B8363f9a5c16f2a5,1
0x9be8e4E9D4A68bBdAa8DEcaE9f728Ed50599Be7c,1
0x008344365Af7a1bCE99EF645BAc823787624565d,1
0xdaB8b2753BbDe9Bf3ABB3ec71dd430EEAABB0A2b,1
0xE2127b7269739C916fC808919f66FF9A5e0eA026,1
0x15978717c9B5eaC25E4a29727561ba3b949f358D,1
0x8144DDB9495c703eb71FA7333e4a0159FAc31AF1,1
0xb00124e745c571172c8d12b8F0fb6C6743c718E7,1
0x40219F4aB1b33c04Fd80D57107F5e1222ae5D065,1
0x94F8C1389De1c31AD3b10f146036390b1c3CeA14,1
0x911DbA9dea01D35B4B8902d5480752F381FBE692,1
0xf9051A701F3a7a0c73960Be85606871992cc8bE9,1
0x134CA4fee2a9B53007e1cDc811c8c06Fa05cf4dD,1
0x4dD0CCaD5A51DD929a7F3814f232753883280eAb,1
0x2CE5A2E7f535e8Ba9E973C3c4cB4a7Dfcf940fb7,1
0x6ad15117EB6BFAC2D33885FF050dFd2AC2724aFE,1
0x87faCfBfc13df69D3de09cDc748E57214e860b82,1
0x149007f0EB07be9038901F178994E4f395329932,1
0xeF2ac0F261783bD6bA41ADfC8AeDaE60bA0CF15B,1
0x4bFc0f0DB9a2E5bC04AffCd1A53E548082d79859,1
0xA69da0DE754951F82a4eD4E71445eef761890B3E,1
0xe9386A38D2279DfA3B39A85F23fFF3c203CEBAac,1
0x4DB8029953e815D0f779E1a6e04CE765e6A661af,1
0x268c284a606d3f72B61C8bfc6A932f4F10bDa5E8,1
0xc7656B2eaEDFBa25A56Ea9263614d514717649C5,1
0x872E499fD7032902a0D787bA86F55eceA45b2Ce4,1
0xE56B596389C46C012e2B0CA249cfDD5bD3C567Dc,1
0x59602d5A1FE94DA2207AC7980AB865B94Aba66bE,1
0x604603dBB390db64a33Ff807340C075df486d4A6,1
0x0509729c512895FbD88e7DCBCc8D8D2D493E6530,1
0xA2DC2a2D8f2FF8204e3D7F148774813bB20f3713,1
0x1D2E44dede73dcF080104eC0839A70DA14641762,1
0xD04B3f8805B0f31B952400130677E006846D4746,1
0x0f571EB6C3ed6Aa955f227fdB7042348b20ECBDc,1
0xDc1f9C98351858416fE77a546a716EF1291916B3,1
0x200Aa12b5c6B234041B21D9297D9dC5403092BF1,1
0xCB5D8ebda4573B29992b4af05d481d5e266Ee2C1,1
0xD8C8BdD99aD64249e61350675Db339cfD9940bad,1
0x69923d059b69ace23361813F5D756E68324712E7,1
0x103d27c48c72B7C6B3B8D0882fE4073A33CABfC8,1
0x1655e400492C71de855178301AA4F8095c4753d2,1
0xf04e41A8FA1D71EF62d0a2fF634Cd0E62E4ce4B3,1
0xcea435FD33d9D056FAEB2b5fE5E772FE02314F59,1
0x7f70321f4ecac389a526FF2eeb0168F54cD5f599,1
0x04aA7AD9dC79B51947d5A2bA7f4D4C7eBc37EB57,1
0x43E47385f6b3f8BDBe02C210bf5C74B6c34Ff441,1
0x3B21529e797F0ae9009C14A7125e770E06E28387,1
0x895604f0b22BdCc043594663dd963498b7DC3Ede,1
0x00d10Cf10f38F0D2Cf12e6494A63C9CCcb9d406f,1
0x6c5186c73ce09D240D2762Ab4F6AEe7B2D75D093,1
0x83F99D80f2fa8b7E0bAf72D4bb59bC135e68863B,1
0x0ec9902A59b5a19132d2C4F82599868698Ccec67,1
0x7c0e3A736F1f198b673567167a83C1Bf47FA20d2,1
0x8f40a7911B39D06d4A711474143394546ebb1C68,1
0x70A39F36DAa7FC7edE1c43c1c5e5Ac2B8Eae5c66,1
0xc4279475eDb7fcDF5AEE39110C6ddBC4f731393b,1
0x103387D2c8a05325Ed6BAA60Bc209df4e08bb211,1
0x0c0F3970f2E8757D8AdD43c5F22E4bC5Ec85791c,1
0x8499cbbC5c102423DBdc4BD873126099D0493F18,1
0xDfF4261C176d2a2e2Ac09775337B005aEb8Ae14c,1
0xfc597E456605EbDf386A060F609B0e1E6b6c9833,1
0x581b3cA3244e21Aa027c0D229Ea3cdDAd7E2Ca67,1
0x878B36353313c4E60D96b1f403aBEF9f806C3cb6,1
0x6AF8Af2a699eb5f1F7c8B1b2ffF4b9fF657a8C91,1
0x99288D4F171e2706168AE76c293b25bFC68083fA,1
0x3936329D564d476EcaecdE46bB6B50Ef34C734bA,1
0xb3dDba1A6f0BC39254a63B61568A509f0aC9254C,1
0x769fCC5F4A876EA59f531Af91eBDBA9138A186d8,1
0xd4D140902eF96eDECcDB77a288a15f19351AE46B,1
0x8991600Db0650fA1BCB104d0d025278eF62c482C,1
0x7a8BCd9157d89e7d7bDb3f6EeC93Eba5B92E41f5,1
0xA3eefB006F55fa63c42f7E93e3c9171198324559,1
0xA5C6D64d9662345F953FD296f10F14aEA4cdA8E6,1
0x6A9A224B2bF51A1608E7B8b7134af323e91764E4,1
0x6FDd42AB9673f42ff30A2f3a582a9dcfa617CF81,1
0xf73F4D1162264ebD22e6Fb61984A06489F83938b,1
0x85e64d136F0F679a7B11Dad36Dd147Ec3cbEE4d4,1
0x266559FF8500fDAe9675647c81531B1c0F2EFa1C,1
0x9e555C3119F1f1a0E1309dB41914B0783f104E89,1
0x46806fD043255468D6496dfa29E1689135B11f23,1
0x67Eb65Aa12bb8888d1dCcEbef30704031328D338,1
0x718034745C9A22CA3D15526b2CCedDbd5528630f,1
0xc2f71aA2763996e89484a9BFEDbFD204C89Ba5Cf,1
0xbeF5a520834D87f8c0475aefF64A96bf5a813d9D,1
0xa4b2B394998C70252fF0b864340a9F6fb2dbeA39,1
0x3E83d1eea108CE485C6e6bC7837eEf92dd651cB5,1
0xdCeaE5f1ba84932721674379009707865D56c495,1
0xe5c94D52FaA2134d48828aE995fb5B9A07742F5c,1
0x85a08829D6884883437Cc009e14B895d61C0db91,1
0x816feDEabc919f508721Da86a1BFc4d20e680708,1
0x593693Dccae0d16185Da7Bf8a7B78f95ad25aA9C,1
0x0d520D31ee4cD92AA06eecEd78c0CD064c4bC295,1
0xAa15672587661C73A7B75096A064EA76c09383a5,1
0x114a42894dF4fd56E01d55b68D102097d1B39149,1
0xbf87E0519001D0B37314f5e0C3b74B7edAa239c6,1
0x8b617EFBa834e42397b367ee48a8f04E78b34Abe,1
0x1Ea08C790F5778cd579577E7B0E87dF4E3e10D00,1
0xbA45D85E73d32D8557D6f6B3c54425B2344d77C2,1
0x68e2E18Ce88A00b3a23ee903874F01Ce091670b2,1
0x4dee33978B8CB30B3D69F6dc4891FF0eB34907B3,1
0xD9c31FeBf3445DcF82278235E82FDA2eb430ab6D,1
0x25D0965798100856A6fA31e6133FAde8c9D78217,1
0x03Ee6Cb6Bf4a56C30517860350066EAb352F52f8,1
0xc600DDF2e9fA9fee83ca605934e461F86F6b54D8,1
0x88E388bf2081FbC174C7cebb94fa26F190364b03,1
0xcD4AFcCBdcE6D7933933F399F58CFaD1C63e39A4,1
0xE038Adc7209fB6070590A11186433c12634059f5,1
0x47a9496Ebc87e3B8A23083e76eb34af6A66Ced30,1
0xAC3f186FE478D326cf80662e496ee6bb3706A5C5,1
0xF6ab7f546E1974f112a90F030AA965F218354918,1
0x8F626958EC428d258f6481B563126640f8aEf54e,1
0x8EDCA452f087F677F0a87F7a584b01A76b146532,1
0x5FCb53a10d19450738D1C76fe98106E270D48364,1
0x86BA27B8049b47CFDD3C0305C66FdaF6D297997B,1
0x1cD77ff75A52155a70B1e033E178D2E2658aC14E,1
0x1c0F172B5ca2E1011B39b787F8db90DFeEd33Dc6,1
0xA3422DB2b08252D70c85cCEe1e13eB3d2b862f5A,1
0x4B69c929edC7b8b911E4309E1feCB7E9c1ded9ef,1
0x67C571828EaC985C894a396860813aD1c819e705,1
0x6cb5C8Ded35DEB8B046A92600af218274455e015,1
0x4788B50F930DE65862F60A971A11A7a6Bf8737E1,1
0xca32A7BC59164B7E0F26Ce5a8075ba69d5649d2C,1
0x6688EFb13EcB5ce963CB1D3D5E374E7C42F6421f,1
0xEAA87F21732727a2aB080310D8272718c54F7021,1
0x5Fa84cf9F46451d502130966654146BA8D6ba373,1
0x279A4447340ED0dA82B4dF5CFa702e4633bdD7b6,1
0x1930A7a78005788AfA18783dD6eE5d9302f9D83d,1
0x4360DdC55dd1165DE2D772e7674B5baC0164a510,1
0x00BBacBA426A9142cb2441d32868F7cCa8fb3a07,1
0x77b46CB3284A707a866F8969cE792e3460a92763,1
0x8662B4a72d5544Ba34C307A771EA2853aF9778eB,1
0xC4EE39E6D7E3D4c4619197D6A5937053a1bBd118,1
0x69B0674165992e29041066D6a41a18394a3D83a6,1
0xf7D36c20428f4729aadC443003C6856146f3B785,1
0x4866c9a8f83411C1680da57EB76Add5FC40644b5,1
0xe7b90008F066488c25CaC6bcB48829c70513c30b,1
0x84907B3ea9B0661469eca0106dbF6b1cBBcFc366,1
0xAEdcFc6870E9f9B57448614B86C10419705033af,1
0x889c23e680E4Ca5fA42db8473f836a99c0256Ad0,1
0x465fc84ca0Cc7e4270aBbddcFcee21eeb03b33E3,1
0xC2864D13E11e49320310738c9d61868591147dD8,1
0x30EbB723Bf1B5F0b6a9E816d9f656A1183926a07,1
0xa4917b36BB217d4B2800554e8923729423A9c80E,1
0x445417d521379BeeFEEAc3edE6c3699360D04C70,1
0x521ca575FccBD6334d7016551007b9D8311B4e29,1
0x276d8286d3B44c2Cb96Cb1685714a239CfE19e30,1
0xa9023E639E100E7C6584a66015F8a44D4F057f18,1
0x4D2bb4E8E9363727563E78da368cCA12F7C54fA7,1
0xbF4168C294D51FEE2F4b86dd3b0aCEFb54C262F2,1
0x3B3F763B7907D362c17742366aADfddF26565412,1
0xb659d713985aBa5F9Ed1D17c9587fE6602621354,1
0x5Ae6F556A05581e7b856Bb006Ef2322c9DE91187,1
0x06AF1E97272e8E5fAB228bad3A9a6f31892A3efF,1
0x42254f3E61BA9e7eA03249e8c7455B53ab62Bd9B,1
0x37887B00b2550231588D9fFEeeBA188AAB34D879,1
0x023bA5daE9F073b960C9C2B849ca5e2B80849D44,1
0x18E7F41890110d60fC493B32EaCbeC752883177a,1
0x8B8E159998e71C6D2066a7B632E2e2F94889c88E,1
0x930b7A12B83ebD00E0733f3B7d10117C20e376D8,1
0x5FF46F5e2F7Ea06f6522C2440Ee56d206b15914f,1
0xa7dB69778E7DBd420ED13902B7592Ed5e10aEA39,1
0x63f57539c43C54112Adf47bd380f0a8450886a94,1
0x340eAA2f2acE34c27839b34b0F2c00B3d191FD21,1
0xb2Dd8c06c22b3fbA468300216Db6c7026893fcc0,1
0x24FfCfA4d837c4b7e9De9f1c0b81534bEb63a76c,1
0xFD25D661E28F684E72C484Dfe7Cceb0Af43A12f9,1
0x3bE268eda391297a20B681E1319B178808485BA7,1
0xAf1b3df00B345063cCF477765cefAa28cd4e3942,1
0x79A5EBAF4DBe7ad61D7b8A865F9cfd91A34b6984,1
0xaFf561524fCb2a976aA060594b6C3F0f92D800E5,1
0x6DC18D40a7476C736E9a5808f33c347Fa332d772,1
0xd8162CE80623A08c83A89f286DE2cf9647F4Aa43,1
0x4F8dccca3c7Dbbe0B16997AE8B83011009e877e9,1
0xfcd1A4B1174ef2714BCfE6eCb4C575c0c08b4240,1
0x2485eA2c3107Dbd8454d05e3B52F514b1325975c,1
0xBC28ec6CB54d1819A8D3d8D4f2317bFb0A372ec4,1
0x88AF261646BD92425444cf9BE011167267a6c68e,1
0x4Addd29F6431A6da9cC56dbf171939DAaFf12607,1
0x7d97371DDd7F03eF8C7E30c500D321Fbc6cFFA29,1
0x11a768135F9555F1e6DEB698158B36722Ea19Fcd,1
0xD83f8DfD2B3528d17B4374F797D463F12752AD5d,1
0x4d1F9254b7744602Cd86db326E4d70c92C2dEeC9,1
0x2FaC59ea5992E85193069261951a1FE242663d5b,1
0x2D8c5B974A6aDD1100918cEEc00A6fE7282443E0,1
0xC9e719B0dF54a831509a5c92C767634bC6dE4928,1
0x7D7378746C4893BC3A5B5a33ba6f7564A5ac43a4,1
0x51CD4B0a1D83A15705d6BaFB4ca465bD6975Fd6a,1
0x82b39e90F2b066b50540E0fF4baF1f4d5DC54E44,1
0x0a97BBB3719FA934bC51Fc05eb6B3Ad6dD93a760,1
0x48e940E270Ad0F950D0Ca27490694aEC7FE89a83,1
0xE8c63B293493Fd2c267c87D8fC25654C0Efc6F0F,1
0x98d39ad8c4d6a852921F30EB734c36FCC4F7Acc9,1
0xc26387f59975D47bF5C08fcE74b4B9BEEB167415,1
0x5842CdB84B59e2eaFf2eE85cdb171A4fCE43e06d,1
0xDFBa67e29fcd70EA5B821c23613AC7553041D887,1
0xC40aaD4D20f72f4360B0F229D622aB4B33F7C8a6,1
0x5EdA6Aa537fa558b983cCb955b64422F769a4ad0,1
0xA79332d38D17d6760CDC323265CfD51C5EE6743a,1
0x6A75774982E73A4444D1364Ed894ac58412B8C56,1
0xE8A072aF03AA6d3805eb8cC63fC42eD1e1c038d7,1
0xDc63284E6b6579852b5467d8D0bD6A3d42485718,1
0x22679CcCAd1b67eb0FD83d44B2017f9Ed4a4577a,1
0x9AA9392523c2b7EFB5b76e688Ccc8887052dA63E,1
0x758777D2406B2A12a13770bcc92604473Eb5dCc1,1
0x2367A8C74E1d0e3A564B71a0F37939E4122074Bc,1
0x6Ad41F22E2590cd0BF3602f41d794b3DA4418775,1
0x6D15A2a8786a2bd3c46d3d74C6bDB4D2345F95b1,1
0xF8a9e671776d862Ac96C5609b914bd20B15E0f30,1
0xE407D1DEBF1F0499379F0bB2022EC9a5347e340A,1
0xe7eA17eE80BecB5D9ab5E37b177bc466c84F01aD,1
0x88942eE271cdc4Fc93278E1021CBA7cc7357069F,1
0x2582F28cAe6C1E73c427eF708d57dac9Ae707ab3,1
0x61a3C143C5D5393c44108f17145d507bBAFEf6f9,1
0x6B9D86A0261a9844d9c9693dd3c8C055C8cFd288,1
0xa368EA062BFD65a4Ff3d8f64250FAB588Ccd070B,1
0x54BA2a06C15Ea08330eED837482A575D1D5E5315,1
0xD2b18E94e8fF5B51ECC9d07B675f9f7cA14836e6,1
0x0E1cCb598B75D567B2E3E8c67cEb1ff4c081e073,1
0xe8def2db123e09dd50B0Afd90Cd68bEcBDce4D2a,1
0x6666666666668bF7fF1129091A33349DA0fdb0e3,1
0x2824fcBd11ED0CCEbeeD2375390c751Ff8E96f6e,1
0x267acF5FeA066ae50480A23530d8779Cf96654dF,1
0x7d4E1d536035C0Fa2F287D19Ef1b4e4e0a4b4Ec9,1
0x0323E99Caa61DB6fb26DB0c10467bCfA9751f6d0,1
0xa6ffD9f71FEDaD75d846735e6b96A579D98b8877,1
0x4c72406524d46eF5EFe4619D3758477dCc0a1cc9,1
0x701bC718F2876Eb0fF61d4e5ACC1876F10Ff88B5,1
0xb911740850b22137b204af38922A950334060795,1
0x659af9D54F9C051B348303986353f347Bd3D14ef,1
0x8a825B3AA2479a737127b6D4C52c245bf232FE0e,1
0x597D9031b099bc5ee2311702D97d2B8aC3c20b95,1
0x125b272b61247fe70657459c3cc7aa9eDF05ec7d,1
0xDD50b8Db3b4B74013F474BA0808fA7644860303d,1
0xB791D65374b6142540473F916079dEB03CFeDbBF,1
0x40644C90f89F69F9Fa76b5b33B199Eff2C519919,1
0x71738B7977E7B80e74e801E7635fBA0ca44400b0,1
0xEa01E1A3709e16259954982f783F49A02F90c583,1
0xA815061274BF6B847493c31ca9395462a82156D3,1
0xb2AEF4Ebd50D979C5C5E212ACe1F77ECE6f51C3b,1
0x4C79eEc5D63de28Ac2De23FbB5D8253B3A8a0A70,1
0x5555555555551852E6F5A8473E5693E25E2B810c,1
0x8174ad002cfA250e8AaB76a5eF407a8544e44d28,1
0xE6E5cAc32AfcCE58bCc6fEbC96382Fe7f150739c,1
0xE225D1645a5966BA51fA3F83F76C8426B9aFE061,1
0xf76FB86C3297791e3189eF65ee826bCd1FEA1141,1
0x8Fc03722DeaA4CADb27318e843fA3C39993F7126,1
0x908EC02994d3F37A61Af480Ac6056D15Dc96DC74,1
0xd5ABE191b55fbd310bae3018784591A8bbA951Ee,1
0x1c3BbB75387E7Cc718Ec4ebA7fF138445691B44b,1
0xd71FF0cfF56222EA00Ce1f32204e05E70314466e,1
0x53316609D17e7cB0D380081201b4b3470C931EFE,1
0x7304688ec88c581e63660E8E4c65B9cDe35c3960,1
0x50a77e5049d3D608747Cd2106C04653Dc511AB6a,1
0xde35836F1bfAaDEcE571dA56d2E3EACA91eb4eE2,1
0xE306eA6eFc7e94217B82D24Ad2EF8f32a4014Ce1,1
0xefF207455f1AFE2047ce41440a1bBFA06908ea08,1
0x35B427Bab6290AFE045410046D285357394E1ceE,1
0x134d6766f4fcAd648889Ad38BF5579568426c98B,1
0x5F29A00a907f0902Fb58354bed50d70490D701aB,1
0xF3453f29a3AABaf2F017BEb4F80b652E27Ee0424,1
0xf1Af6Ff265926289300383b20973ffD77080A471,1
0x3246398CC0842e5a0aC817ceD086A0c8e50E05C9,1
0xAe1eD70C4A197EE2D173288A825c93C0b7DDef38,1
0x0e024C4B89E8F4898bcCe1C4aFA887De9AE1De9a,1
0xBf70a86cdEac9E5c2f7c8a953c5A989c163AEE13,1
0xaD23d453c266B572fEc68663B1042fA0dbf08C19,1
0x15bf2EeB8Ae6aC97Ce6E7889d6Fe08a3270d666C,1
0x1262B3ef15b7664B8E712C5103C867CD55bFcaEF,1
0xC66dE2685B2844cC64767bdeBB13cdb7f39e8597,1
0x68Db877F7141fc7E07b8Dc507B54F082d4d20c3a,1
0xe655A1CbfaC942474Da9937E0715f65AC315efE4,1
0x1b52049c47f47896Ff72858FbdcC49C7fAF336Fb,1
0xA5C7d7E2cE8093ADE9ff84222c4C25A07CB00f0b,1
0x57b1D683ea8d69138fBB7770839EA7da771f760D,1
0x95221498B261563d061F9e73c289AdD39e4356eA,1
0x6442c1aad456F29e7631398283C6e87FF24942b8,1
0xfDE6091c4FB6d2dBFc8448B411c8f292414c9624,1
0xe84b2cD7C9EeA1186BbA599c26fFAdF8f3871069,1
0x0371c7AC780500bF4D232b72890b88d78F1AAB34,1
0x0B2c541984415fE151Bb85544F9917241D143352,1
0xf183f38e99120AaFc7775F3FC10ee2F4586146bb,1
0x34bd4a8165CFE95553708D80C6AbbaB0Fd7fabcB,1
0x8C9B21Ea1499199033b1A5E36baa0Aa42c99106d,1
0x178F4964832A5B8C980163dfADcf8E44b0175Af9,1
0xA6ed8c1f89094Ce5Be7D036806375eDd7eE26322,1
0x3748074B4cD3b48f6ce8536a302D03b9e18c39Ef,1
0x2711A4a25c8cF7C4d8EA127FFFf0e4d06b32Fa42,1
0x74720A8E4E720d2695C756f0722F91b78d1A26f7,1
0x3F97E8c7beCAFfbCA64d5F55d69BaC4e0EE4bb2D,1
0x7EA760217d97a5512d685Fa3006e6E9C779733F6,1
0x0cFD85eC4994a2a446D2c6E176B942fDF77da169,1
0x244cB1b41194b92558C2596b81e44fF582B017E1,1
0x822B2207CB8E44AB3D8D96F5D5b034E212427e62,1
0x78D83d63c20AA069CE67AeE0fF959dabB2E27127,1
0x76083F641E4537DE016743ee9814C47b548BAd56,1
0x9494Fff1D461025dEA2C5D883399D9a84C3Fa587,1
0xCABf12B9D07d5cB30bbF659EEB7921a15E55217d,1
0x407615E720424E6d3169f02803249eaf8DE07910,1
0x9961389B576DB6b3f6966f3b3242B4751E898225,1
0x02397Ba478Ee269343e2fbaA9419c2D676F2a616,1
0xf1F075B6Ae5faFe94C7247B6066112723EB62272,1
0xa465252ED894ce012D07699b115Eaa407dd81D40,1
0x84Fbd4EAAd6DF6A835a695199F8fe6Cd3462c7e1,1
0x452BAbfCbCB5E007Ef1c982877416FDC5C51EEE9,1
0xb984d384487205c9269471Ba83082Bb48aa785B0,1
0x265756eBBA771E69E11529Dc0d5BEbec98B883ad,1
0x4aFa6906103b6724334576FFC3C128a2D6cbfC2f,1
0x083395F65999479b15661bd8091d7dD721606834,1
0x9ab0167963407D4359Ed4E01b3Ca4214791D145a,1
0x27a869262eD04E65dd6df25C2daCA621eF3eda7E,1
0xdC4a2616B1Fb51627A84Ba953098d16e7916C211,1
0xB3d4839BA17A0C9B7dC9b19BF7ee4c946F16D240,1
0xE3109512658C4B0ad08Ab4401B73B81960268429,1
0xbF5Be25A765475c4d10Dd8957038487bA973D2a0,1
0x24405F86b0879604F99C264e4DA2144F6258c277,1
0x834AD8aA853335DDEe8155e48A0569Cc6Ea5Fa8D,1
0xe1EeF297044F1912E95e6d85CbB8C6BaF7F9B3f0,1
0x61ec2a12efC71C1008504910bb23DFC4b4d226f6,1
0x38c4703BC7A59455Fcc6109e2C864ed3cF0cdF11,1
0x62D24ABA1A3e758F793eBCda4B2F617799A8CC00,1
0x199F499fE10406fE2B91263F01cE958a4234B778,1
0xbb9fe77eD6D053DB82D58C66b7FC9678639598B3,1
0x26542d0Bc93A63c141A21956337f18773B237882,1
0xC24A84908F73e9b83675c5B64A19aED88D728a72,1
0xa4E326141575CbA6f90732Fb15d605aC085BE888,1
0x15Ae0164CE144f652a0C985f905ccC10d4560a65,1
0x43EC893C019CDAa192F46C90717181251691b95a,1
0xD35EbA00560D1E56b74206669468EBfcF77665E3,1
0x90fe972895584A2AD64C9Cf6Fa85b0bb4FF9dd14,1
0xF73A5A3659f16feE0028849cf4028b59B5DB929e,1
0xf7ef3CA9EAd52C2fe7EF5bf486611EbE40670f41,1
0x38085ED987B1F8F21ba3254Ce41302E4519eE5D1,1
0x46c0Ab152949FDbae0b371d81e63f5c258971259,1
0x13dDE334bCE14Cc9989A1De1fC02ce5b2E11efb9,1
0x7BFE494b5c9b826316fc10d7712bA7A737E873Ba,1
0x13280636240bb21DaCfa8e992912f41820B9dEce,1
0x43d437Cce964b484Dc6E9030dD246E09e90E2bA8,1
0xB4C334DEDDc77B75b45FeAe103be73D37f1ffD44,1
0x26C9cF81B1E585Df342948084A2ccCfECDAC747c,1
0xcb3d7Ba9010297e678Ce06bB99aaD76068E624a5,1
0xccE09ba7635F801D90DA9a021Cb6Ef0F9caCd1a0,1
0x8Ad0CfB3f0b85aC8060C74C55549a5cd475c83db,1
0x097C12019d6220A7ad79D3DDA10817FF22BFa258,1
0x98edb4f137cBf22258FDBF278a4AA8E2e837Ece1,1
0x47Ffc0950cc1E66E82f125768F6C6E740d2a92B5,1
0x6C4cfc032D3aA9D32cE0F0f769aEF46930a262C7,1
0x6CD4fAC1Ff6AC09cB69012E0bF2DD2D6333fF027,1
0x04315C8380a11449bc2a34719b34CcE507492ddB,1
0xA0eF6683E4DCfD5bc5c6ce02728DDF354D686a81,1
0xD8D0a87D80E6e52A8e045d70FE40F14d482c59Fd,1
0xEEabDF39A48967E27660bB5E7242407855760d56,1
0x450415366254eAe6fAc0c54bB213e1f2C7741bfa,1
0xF4659B2ac7470885B248c5F071DC176B2397dEA1,1
0x829014bFebcf4CFD9286a177c7Ddf193FC862CD0,1
0x08f83E8860912F8C8186461eA00DB5f6030c70f6,1
0x89815D38A6C9b41d993fbaE2a3f0c1aec53dB3aC,1
0x726c71a84f797aC3094f42907221b4912418c919,1
0xAa8f1E466D5ceE2A54a4029FBb554c4E8171418A,1
0x48D48E3b1fF8Fd0B65D989BFb7FB303ac28D03f5,1
0x99EE1AA482006A6C4d3fe32f170a36eF3F79C4F3,1
0x089Fa338A1BFB0971C645303ed00F5d76Cc7782e,1
0x9d17f65B5128Bc89Ea432d1b504b16526caEb148,1
0x029e370A8236cA5E5044A6A3f7b1A40BD987252b,1
0x4EAe173F20d7b0c624674aFa560dea6A6E7c240d,1
0x017E8cf9710818A838972CF80d64c61a702Cf864,1
0xFe0B881F969E2CB84430d46252067a6c216eEFBb,1
0x34C3A5ea06a3A67229fb21a7043243B0eB3e853f,1
0x2BDB22802A919fa1156e0ef4e936F5d6b4ff0DF3,1
0x2a45C51ad0Be68790e28d26aC8963497F6760472,1
0x687703147819C33004c9e6d138E8ad9ED6149612,1
0x35fb73516887f67f1F83589DeD43bf7a14d58c8F,1
0xaD747f1B6C709C4e865Ada25244D0CCa27AB649b,1
0x47166d7FcB8F3e0dAA98151c08997cAe0e70baa1,1
0xBD24513ED63130E883553105c1893D540372aDC6,1
0x4f5E31d91B20b3c230Dd6D80e5756e06C98CFC10,1
0x965f065fc3d5adA9A9e4298b67F0874E56e09CAc,1
0xbbA32A0b9487e9d62C2bB9c9E83B66Da86A4C93a,1
0x7A71281d8Ae2beAB2cc749EcD38F1D3abB8724BA,1
0x520EacebDa3Aa6659080c6e2618502a566C86954,1
0x0B41078fe96aD555B13eED39F30d2c7d264FDAf5,1
0x775D29AACBC86c87b04F51034C58C1DA2Ba081e1,1
0x2bAce0292e5591e2a6584740f5Fa99d011979E76,1
0x0034e79ac24329af4caC789ee339B6e8ABAEA922,1
0x8a333a18B924554D6e83EF9E9944DE6260f61D3B,1
0x265Ef3e30fe964314a2B6aE6bFac32146ec73424,1
0x99C6705142F42c213b2AcdD65C111897c68bf27A,1
0x5aEC1c5EEF1563E86B508F06d533Dbc506521d55,1
0x9B84512Dd20F381890E6adB2a784E6110ee370ac,1
0x2Df6b37F92bb4fD9dcC573B72F4879d68E72678A,1
0x9772b54cB3eA60116eD343dDA983b70bf188C124,1
0x586DA5Ac411A1A0e899FF58Cb39941f9Aa6729Bd,1
0x03776410118CE6C174d0CaEbCD98550330543C85,1
0xa7503D5ed9DBdf964555F92d9350fbf37311A2aC,1
0x207593950212697887B01274B788134F3FEE0785,1
0xbB6A15964867De396e85912632a115067E8c3D1B,1
0x1E364Eb88cbBabEC80bCD7688f7059274F54A39A,1
0x6720cCD2dCD00E7C4f6947474C43848aAD52794b,1
0xC07a0D899AAB2E1557eBD667e5261E85E56ccB13,1
0xD1383a7723913402A78F7eC3116ac3a1246Bd94A,1
0x0CC2D1f86E2D79fC42Df1d5c22252718F9FCE61D,1
0x8Da555DCb53E65b34A5C86360259601312e59ebb,1
0xA9D2BCF3AcB743340CdB1D858E529A23Cef37838,1
0x3e7edb72B6087688fb91A79164a1357a996Df536,1
0x68c270C8199Cc7521752194c4319CE5F0BCAa4dE,1
0x442163A4d73EC9058a1a3A8e19fE5B71424CD324,1
0x0a9ee38d0e8a32D9D1024FC3DA3Eb461Bf32Ba00,1
0xD79925Ba08F61FdBe737856031F1e1bd3b2669FE,1
0xDfDa80d2A6f34E92AAdfE4201f37B4c8Ba19507e,1
0xF8Ee1aa73E443b2f9547794A9Be4D36aFC28d948,1
0x9519eCEA3930a05B10E20702F50f1D6ee1162eFd,1
0xE0e856d536192Be3c04dc5CdF89E35f63768cc10,1
0xfE604Ffb4B6EC5961277ddEc5c0482Ab21983f27,1
0x8ebe8B747cab6D473483aa3889870cf31C05D1c6,1
0x05FF8989440c2112aFA1A731bc6349ec552179BE,1
0x4a8AB8F9E8E2b23f86eB12688D71e260060F1D4e,1
0xdc17ca7273E347538D17291ccD75BAE151f9C0dA,1
0x8DEEa8Dea13670B99Afe7A0BA47B4B660744340c,1
0xC867e9eABB0e0BaDFcdCb62f9D65c8C0292d8F5d,1
0x217F596706B2CE6060d16b9E2F815e49a208Ba8d,1
0xb08Afb4501E0fC14CD93EE3c2671F7E6C28845Ad,1
0x56ebD346d5013A531105aAEeb574B31F003E11DD,1
0x1342BbC68BF277C41282cf79F49240314d4F22E7,1
0x90a92C8B222D5F90Cd2FD13c20D7B3dB1Cc12bDc,1
0xc978089B6Db8841E01128088b7eB4C6d1CF5Af07,1
0xB90828ceb8475039E84B0f41c695fcC817FD2EA5,1
0x8C22E3839E84901112030947c4dF443daD5a8D60,1
0x6D5768439e3Eed6787325215D2F2F56b6E37f969,1
0x744458EaE66b7a0308c411860C8a82Ad11d1CC68,1
0x07619BAD93F70d2CCC23cD3CF38652bD4120B1d6,1
0x185A430Af096CabcCA0710DE33713Dda7Be2aD18,1
0x9860Eb4Ee2BaA23d5713C11da45b715ffdB0c02F,1
0x9202Ad2FB3d37e0E0f1001fef3AB8446919ca41a,1
0xE5B4882eCe508546868477AB8a21D2BB970C12f8,1
0x5ad2a666135bC6056F2C3a83612C51aB73307CA1,1
0x4e8CD769F308ea5AD008bC7ECe3CDEfD2893fe27,1
0x72A53CB006e0B310e2fA1d6CfB115D92AB5B85Aa,1
0xc15B03c6F3716E530Fb105A13bC7aCD28c4483aD,1
0x1aA324ECB587b8b044815992acC7A86DEad12C0F,1
0x752B946a528d3dBeB8995739567F477F8B6213DD,1
0x5D998460B7Be6ef6c396259E148a0A920434bC7a,1
0x21844478771C352a36cE0cFF5cdd4F7f03b1F091,1
0xD5385acE9fbB4835237662111193Fe9B8C99418A,1
0x5e5a9faDb7e343F11e9b2619eb7e40CdC3EA636a,1
0x98CCf605c43A0bF9D6795C3cf3b5fEd836330511,1
0x49a86a716D769232c960EE999D9b5CDa65460cE8,1
0x27A23De523060583c21029cB62293a3A0f392c6F,1
0x9C291c256f84266Fc819986Be8cdA6c33fEF0E4A,1
0x26Ed6eE24dbE01004A168C63D5255f56EB10BEAb,1
0xa6c3C68c666aC5Ba11d67A38AE91290000d2ae71,1
0xFc9034Df6ca8e4B35bD16105fE6e7cb0BDe8155e,1
0x4FB928b5C50a239B3Ab3b98F277e4b0A2666eF7d,1
0x881F388bEfe7a4930CB3a596203106aa24D75E42,1
0x5618b70C571f90c41F42AdC13746365549aB5c00,1
0x470FAF7c48203276eCD3fF1f3C43894f66288574,1
0xf3772aC6A4A92D74d2e20512bDf36C56Fe82a445,1
0x4621D211b70a236BcCAAA98D80C308D72c867E38,1
0x274D70d3974B9d8Cf5d6A5671C019f7F60F4d16B,1
0x75E5D7F6aBa3F2EDB0D04Cd23e9306E6DF853E99,1
0xe242FFEC125230569c592e26DeA977E3b880E966,1
0xb6E3E4DC9E09205ec3511912a90E1Bf8aB5423f2,1
0x5Da874858f44c040f8A18e9014C501aBADe0Fe90,1
0xe167B5bA6D85715f28c07D20aed2a818Fb9325A8,1
0xFd20E9604DeE66e2029C47A2Bc1733add22b4692,1
0x319F3E66E1ABB70AB17ed4461fA64c513a3b049a,1
0xF14DD02086F8Bc73f4aFb50B519dF5b6b610a01C,1
0x2F61050B929e30D33b4feDF70b82edfAE075df05,1
0x2111120b125FF87808C9b0f99202C414b55b572f,1
0x91d3d656183BA9062553791ebfb4cd77Fafa9233,1
0x37F736D7f4a806b464EFF53E2E9044B0428dD4ee,1
0xca16f758fC45dd997E12eE3b7310696bbe31e094,1
0xF996FEF29a062cE7EeE66a6c595ECcBf67d173D3,1
0x38b3bb561700fc263240c4bCfA6F9a5A10167556,1
0x5903685d5e8c24963cE01Bcaf180e416341CAaA9,1
0x15fD652EFb091DCB029DaE0525616A37CDcC76B9,1
0x26F3aFacF8b4C462Cb2635b516dB7888deE73813,1
0x10d6e12F9C54FDb2d6e003a4C58D3FaF8a29A941,1
0xa4Abd5AF6D1c823fd3ADB90FdD6EF3B4E1C2E1e4,1
0x24c240601CA2BC99CdC03aBe481EeA88aeF53113,1
0x6743406E32127B7EfE84157F6fBED69FBBA309fD,1
0x4900ed49B287F2B4Db98aC4dB03BcfD2F30F1788,1
0xF4901B5fAeB4ffa6147Cc8B6aFc791E17654CA94,1
0x001D0383B3465EaB837D91420D8b2d1C711055D0,1
0xAB11801de4DD0C5eDB72e389363C28Ac019FC8a8,1
0x0B7B041B8b9655e40C025C2182ebC1BBdbacd586,1
0x2e51624b9fd064E61494e39A4C349c56337310cB,1
0xB961D17dBCE3Fa9f54959FA7Ca245cE511d28DFd,1
0x6C88bb2357aae7355a9FD86ce7290967b1d408A5,1
0x8B08064739edA2B1c5236d6Ae14d797d053Ac4A7,1
0x400Fb3D869714E8a18FCa50BeBaEDcF0A84A4c9c,1
0xE979021F37C322fC4A0161777eCA29C4c66f231F,1
0x19fD2fb9EC562d5C4DFb2873F249bcf90195BD1D,1
0x1133d7422d3cC6dE86182858631B3070955bca11,1
0xBA8714a34975f92D027d95813c60da19827c180f,1
0xe0af8b4dF8e9a0A2f02a5631E4aE3F0922AD3751,1
0x4b2dFAC698c3D54C8Ea9D268b9603624a6Edb398,1
0xd489C6b3A3dA941a87492423cEFF431643E1f654,1
0xE62dA247EcD63A812F10d87d06819645E823fcAD,1
0x52e73f9A23c1ff6787f3F3C213f61ad0B124C461,1
0x502234c05e9DDc48a0b6eA169e0c9Bd06c97A088,1
0xb5D7EDbcE803F483a2450A97EaaDf5841a1A9C00,1
0xd391e8DA80113A66530105EB61192cB01Bdc6908,1
0x211E8C1B6cb5A0162a95e07A3bF173f954E76af2,1
0x1072FBF189864Ea07F8ABdf532EEbf2a17B6427c,1
0xB65d676c70d8aB8b19c3c547ba28553591a3DE6F,1
0x2423b51138d308F60D6cfb65854fca147819dB35,1
0x94cDBF69ad672Ed4EAB377CdbFfb75C3893bEBFb,1
0xc47Caf7286A55D951B1212129207887BAd2690fF,1
0x3C2A5c4aed67D1E3981eD6Da3F45e2d3d4Bd8307,1
0x1bC7164C30Dc33F2ACf0723Da3831Db6A728732c,1
0x3843A8b71cacb65d11FBfEF86C7863337ECf5894,1
0xc2fd75Da96940616932aF1Aa0a7f63065f37Ce0E,1
0x49BCB13a5FDc8b9670212c5Df50b802d03676C54,1
0x302e7F7D98a871DF5009E02545347e5fFE972DE8,1
0x6A42a2B53f320421846a98e0531f01B917D329eF,1
0x31acB68cE95341B49525A23924a465e2f1D3C278,1
0xaf48D20A02a5d71523F00f7A160E8E906441889b,1
0x463805854b0007FccF450B19A9113A72fc89D1b7,1
0x99557A560bb0DF2F2e7E8dB62E65364fBC4A0efe,1
0x08D816526BdC9d077DD685Bd9FA49F58A5Ab8e48,1
0x422D431a9164c11aA7707c800a038930898c2d16,1
0x52a84F7171541ea126945F29710581472D113122,1
0xfCb21D8bC27a2ab53732c1BBa78f903436AadAfB,1
0x49Dc0e3743E9f44fAe2FF3dC1A7C98CfAcFacCD7,1
0x8e507BE3527309c2D6890869515e7A8a2968129E,1
0x541Aa1C1eeF7cA719926865e0F89336F7fFc0e05,1
0x76F17A7FAFa87760883aFC6A1B79830294c13D51,1
0xDF695119F84e8ea48a3ab9E3a399d42a5B857bBf,1
0xb8C79fC0284555475427C7833D09760f73d7A634,1
0x4F49FB8c0Ebc4c846cd2E74848a62f36944fab2d,1
0x3Eb7F9D036De12740136DdE90727C9DFE2B8eD42,1
0x7E8a2C10bA8901F793e900f1A0A2728a75Ccab48,1
0xE37A6e88Af2a5DC2a86eEb6A03aCfB1ed34969a5,1
0x4a6AF80b123E3f2BE41C3a168DD016be283e8813,1
0x6Ec584083701936eC4383C6c902c4df45D86E7e3,1
0x441022ED3ae53ce3920a928A3dCc10Ee7c125d01,1
0x238FAAda3D4A6433bCd4a32870BA9cf963Fbb5B8,1
0xc0915E8bC4891d9dDe63b55631DC96588c942eD2,1
0xfba8a485E95C067923c03BAd3283C3Aa02b03cC5,1
0x748E495fd32E8c63202f2bcf510f6F6b0a9bf576,1
0x81ace051A8C51dde8474AF819eb511E272f2dF92,1
0x9c34DFcF337e807948A9e4DB978493f569CE094D,1
0xdA56983E6B5c1b86C3dED8a8EBf779a30789610d,1
0x91ba244B258eE47DBe61E22f9e1425f3DC598C80,1
0x9E8C94Ac010bAbF68d097a3c98F166069d7a8c82,1
0xD77C95fFD688538E13033677801034f3e17fc3F7,1
0x9B6564A1DC46e4CA05280ede5a8B2F186cBa21e2,1
0x78965Df202303641D05EfDd55944088491D7E868,1
0x026c0c6D4F775F8137Ba7Dcc82346Df306aA5d5E,1
0x7a262c8B3896B994DDEf9b42605aDF6644B78c18,1
0x8333E87384FB84E1a545151912e02d507bC97D42,1
0x76AF976079A4612a218407C08f01a498ea4b6e25,1
0x5139C2D023c638A5F5190858b2BA4886873Ed027,1
0x8F8F31C1042Db38AA11424eA7B7E0bc2842a19A5,1
0xA73DE851EE6Fe32761fdd546Ef7B9B0300b12026,1
0xCF8BE0c141fB112eAF8fcC9b8406CBEdbC6F296D,1
0x536447fCB0CA6cF111223798f3c78E7a6B34e380,1
0x98BCc003F1F01a7ffE215A1899285CA158AC6be0,1
0x12Da1df5d12Db31FA8C1DcC7B8b94A8562d1FD32,1
0x1af4EE1de6D0Fbcd62Ef87995EA92581e70F265b,1
0x298884Ea25EdADaCC47874eD47fA10470C9a5476,1
0xa4bFfa64fC789db8f3aA5d966Cc364CbaeF59456,1
0x94DAb02932AC008A72372f516404e37D5745750F,1
0x917a67DE1a4e29d8820E1AeAfd1E7e53F19F2Df7,1
0x7D907Db7d26B10b616aA849Dd64BC9329E9EF3A2,1
0xcbfaDF4B391BB0B370500aEe3563cAc5a71b6404,1
0xdc2833BDcb68820dd8270714FE3056012F4b40d0,1
0xe6414A6bC1d0d3f092233614D759fF352E5eE425,1
0xe8f810508F936D3888254f2a9F575343C041Bd71,1
0x69B1959974B7FF002dafafb3B7b795c3506C0ad0,1
0xbD24cE1c34483A4122826Ae7625F1DE73D4d7A97,1
0x355e2005e8994f9b8386Acb94126A8e0A658C9A1,1
0x34002aDBD97DEEB635249859b314DC4F42596533,1
0x21b1559eF5cF26b5bE5CA5a0a9dC610c911Ca6F4,1
0x5287617aaFEbB7873A8ebB98203eD7DC4621D856,1
0x7925f24222f5fffAafE3C292cd1745AD9e23B164,1
0xBf340A65728003d218c94Da8f40eEc855E7Ac0b7,1
0x58F212d7908CaCCC00147789596B314a12844d46,1
0x5aED22709e1278F3b4Ac219c4e1Cf23A999ef277,1
0xa3b4AE1A742e4f41B15B1635aC00B0081B35B0B2,1
0x97e23E22694b10e73A59479a9e8BfAd8c355245e,1
0xE5438Ba02B529938C75E72000790a18CE3b1DCD3,1
0xA546A759F6838f74dEa896d3C2c3C84Ff3B625FF,1
0x7602C3eB5afFfFF0865F8044a3a17d11b45d12D2,1
0x281E3622eDFAa95dE273Fc79FFBaAA940fd90867,1
0x715B7D82F14E89e1D5BE3DDBC6faaA305ce5EE18,1
0x690f9620C615C142bDe32FE5Aea30E114491da20,1
0x2Bc29247536C884f46a87292a0187D44B2A5D177,1
0x03b24bFDEc2EC0d79A6ed7a6A5b54Ae5723b4a93,1
0x0E9aDcD0CA41BacFc949dD0aba6819d6f7dc1DA2,1
0x99b586767D2d99913B3Fe05a927b7b8F4a65B6DF,1
0xe2381AEE25B386DEC536B960aCfbcEf1de797a8D,1
0xB12F84c5285593bE6da9FDE1074D7947c20c67B5,1
0x5c5d39837E0a4261eD1e6d5c646Ce4a1c769795b,1
0x752E1bfED0D1Ac0A826f74efdaA2c469450A926F,1
0x4a897096911570e8a7e6EAfaCFa8D3a040b51620,1
0x875F3321d4bE3A61636a38F9fB50d567A52B185d,1
0x50BFad82542e52637632B4a0d3b092745e10a54F,1
0xf43533d68c97F5B491E8a841a489A0ac8B5A898D,1
0x2BE421eF58586BEf9ae4F8212A366448a46457E0,1
0x70587fA345Ef4Abb4b51913e96A4d5b5fe4F1aA7,1
0x6fdC634C74119D38Aca38d14963fc2c4E43721Bd,1
0xBa1a001C55422C00F1134f66c460a1e403b0c283,1
0x06E1AB8BaA241b8A527dBC320573305C7eE80528,1
0xAc024b7fdF80C2A949619A2543F4eC8f1b48c7E0,1
0xf4B5fCAe9aFb9e58E25fdaE3E76D6da9f1F4720d,1
0xF6A801f611D7B5B9322D09199Af4c7a54E9CFfB8,1
0xa5780A14D3c3A9a8ED53A5E66aC4ce45463CB098,1
0xecBF2D79797c0aDfDC790A4d6183422c5d48Fa24,1
0x859f5dF1BFf662207e0EeC8eAA4835AC120deE8D,1
0x2B133C5Dc4a1FE2Ef68d72adc5AA04e1a01B96a3,1
0xc3bd973Ac82909b752AEB36265945C808d62B340,1
0xc02dd6Bab871e01F8e57F8DD6374A7B1294C0267,1
0xE9bBBFC3CaDEff00b56056Ab0F567EFe8955a211,1
